-- phpMyAdmin SQL Dump
-- version 5.0.4
-- https://www.phpmyadmin.net/
--
-- Host: 127.0.0.1
-- Generation Time: Nov 26, 2020 at 09:36 PM
-- Server version: 10.4.8-MariaDB
-- PHP Version: 7.3.11

SET SQL_MODE = "NO_AUTO_VALUE_ON_ZERO";
START TRANSACTION;
SET time_zone = "+00:00";


/*!40101 SET @OLD_CHARACTER_SET_CLIENT=@@CHARACTER_SET_CLIENT */;
/*!40101 SET @OLD_CHARACTER_SET_RESULTS=@@CHARACTER_SET_RESULTS */;
/*!40101 SET @OLD_COLLATION_CONNECTION=@@COLLATION_CONNECTION */;
/*!40101 SET NAMES utf8mb4 */;

--
-- Database: `mib`
--

-- --------------------------------------------------------

--
-- Table structure for table `tb_hero`
--

CREATE TABLE `tb_hero` (
  `hero_id` int(11) NOT NULL,
  `hero_images` varchar(200) COLLATE utf8_unicode_ci NOT NULL,
  `list_no` int(11) NOT NULL,
  `list_no_2` int(11) NOT NULL,
  `addby` int(11) NOT NULL,
  `updateby` int(11) NOT NULL,
  `adddate` datetime NOT NULL,
  `lastupdate` datetime NOT NULL
) ENGINE=InnoDB DEFAULT CHARSET=utf8 COLLATE=utf8_unicode_ci;

--
-- Dumping data for table `tb_hero`
--

INSERT INTO `tb_hero` (`hero_id`, `hero_images`, `list_no`, `list_no_2`, `addby`, `updateby`, `adddate`, `lastupdate`) VALUES
(23, '2410202150385f945456ee6a4.jpg', 0, 1, 0, 0, '2020-10-24 21:50:38', '0000-00-00 00:00:00'),
(46, '0111201338175f9e6cf1d19d3.jpg', 1, 1, 0, 0, '2020-11-01 13:38:17', '0000-00-00 00:00:00'),
(50, '0211202219575fa038b5442cc.jpg', 1, 0, 0, 0, '2020-11-02 22:19:57', '0000-00-00 00:00:00'),
(51, '1911201235045fb619206da36.jpg', 0, 0, 0, 0, '2020-11-19 12:35:04', '0000-00-00 00:00:00'),
(52, '2211202224095fba97b187d88.jpg', 0, 0, 0, 0, '2020-11-22 22:24:09', '0000-00-00 00:00:00');

-- --------------------------------------------------------

--
-- Table structure for table `tb_link`
--

CREATE TABLE `tb_link` (
  `link_id` int(11) NOT NULL,
  `link_name` varchar(500) COLLATE utf8_unicode_ci NOT NULL,
  `list_no` int(11) NOT NULL,
  `list_no_2` int(11) NOT NULL,
  `addby` int(11) NOT NULL,
  `updateby` int(11) NOT NULL,
  `adddate` datetime NOT NULL,
  `lastupdate` datetime NOT NULL
) ENGINE=InnoDB DEFAULT CHARSET=utf8 COLLATE=utf8_unicode_ci;

--
-- Dumping data for table `tb_link`
--

INSERT INTO `tb_link` (`link_id`, `link_name`, `list_no`, `list_no_2`, `addby`, `updateby`, `adddate`, `lastupdate`) VALUES
(3, 'https://www.youtube.com/embed/JH8cjnbizqA/videoseries?controls=0&autoplay=1&mute=1', 0, 0, 0, 0, '2020-11-06 17:47:54', '0000-00-00 00:00:00'),
(4, 'https://www.youtube.com/embed/ZkGmqj7nWsA/videoseries?controls=0&autoplay=1&mute=1', 0, 1, 0, 0, '2020-11-06 17:52:14', '0000-00-00 00:00:00'),
(5, 'https://www.youtube.com/embed/7-9vmtZ2uxE/videoseries?controls=0&autoplay=1&mute=1', 0, 0, 0, 0, '2020-11-06 18:54:37', '0000-00-00 00:00:00'),
(6, 'https://www.youtube.com/embed/5oSKhTcG1oM/videoseries?controls=0&autoplay=1&mute=1', 1, 0, 0, 0, '2020-11-10 19:14:51', '0000-00-00 00:00:00'),
(13, 'https://www.youtube.com/embed/1SOjWTWMrEg?list=RDpst5Us9ynD4/videoseries?controls=0&autoplay=1&mute=1', 0, 0, 0, 0, '2020-11-18 23:02:57', '0000-00-00 00:00:00');

-- --------------------------------------------------------

--
-- Table structure for table `tb_news`
--

CREATE TABLE `tb_news` (
  `news_id` int(11) NOT NULL,
  `news_name` varchar(100) COLLATE utf8_unicode_ci NOT NULL,
  `news_image` varchar(200) COLLATE utf8_unicode_ci NOT NULL,
  `news_description_th` text COLLATE utf8_unicode_ci NOT NULL,
  `news_description_en` text COLLATE utf8_unicode_ci NOT NULL,
  `news_detail_th` text COLLATE utf8_unicode_ci NOT NULL,
  `news_detail_en` text COLLATE utf8_unicode_ci NOT NULL,
  `list_no` int(11) NOT NULL,
  `addby` int(11) NOT NULL,
  `adddate` datetime NOT NULL,
  `lastupdate` datetime NOT NULL,
  `updateby` int(11) NOT NULL
) ENGINE=InnoDB DEFAULT CHARSET=utf8 COLLATE=utf8_unicode_ci;

--
-- Dumping data for table `tb_news`
--

INSERT INTO `tb_news` (`news_id`, `news_name`, `news_image`, `news_description_th`, `news_description_en`, `news_detail_th`, `news_detail_en`, `list_no`, `addby`, `adddate`, `lastupdate`, `updateby`) VALUES
(1, ' สรุปข่าวต่างประเทศ \' ไบเดน \' ขึ้นแท่นว่าที่ประธานาธิบดีสหรัฐฯ', '1311201925445fae906093b38.jpg', '', '', 'ลุ้นกันมาหลายวันสำหรับผลการนับคะแนนประธานาธิบดีสหรัฐฯ 2020 ล่าสุดสื่อหลายสำนักประกาศให้ นายโจ ไบเดน เป็นว่าที่ประธานาธิบดีสหรัฐฯ คนที่ 46 หลังจากกวาดคะแนนเสียงในรัฐเพนซิลเวเนีย ซึ่งมีคะแนนคณะผู้เลือกตั้ง 20 เสียง ทำให้นายไบเดนมีคะแนนรวม 290 เสียง นำหน้านายโดนัลด์ ทรัมป์ ที่มีคะแนนอยู่ที่ 214 เสียง', '', 0, 0, '2020-11-12 21:03:58', '2020-11-13 13:57:18', 0),
(2, 'Live Switcher AV-UHS500 Product Information was updated.', '0611202347045fa5932021fa2.jpg', '', '', '', '', 0, 0, '2020-11-10 21:20:04', '2020-11-13 19:39:08', 0),
(3, 'Firmware for the Live Switcher AV-UHS500 was updated to ver. 1.20.', '0611202347155fa5932b458c0.jpg', 'asdzc', '', '', '', 0, 0, '2020-11-10 21:20:00', '2020-11-13 19:45:56', 0),
(5, 'The P2 Viewer Plus software was updated to Ver.2.3.29.', '0611202354035fa594c3e7dd8.jpg', 'asdasdasd', '', '', '', 0, 0, '2020-11-06 23:54:03', '2020-11-13 19:46:54', 0),
(8, 'Live Switcher AV-UHS500 Product Information was updated.', '1111202159285fac11685e4d0.png', '', '', '', '', 0, 0, '2020-11-11 21:59:28', '2020-11-13 19:46:47', 0),
(9, 'Firmware for the Live Switcher AV-UHS500 was updated to ver. 1.20.', '1111202200075fac118f5bb2a.png', '', '', '', '', 0, 0, '2020-11-11 22:00:07', '2020-11-13 19:47:08', 0),
(10, 'The P2 Viewer Plus software was updated to Ver.2.3.29.', '1111202201055fac11c9c1a32.png', 'adasd', '', '', '', 0, 0, '2020-11-11 22:01:05', '2020-11-13 19:47:22', 0),
(12, 'asdasd', '1311201948165fae95a86eb11.jpg', '', '', 'asdasdasd', '', 0, 0, '2019-11-13 14:01:39', '2019-11-13 14:01:49', 0),
(13, 'VOC1', '1411201233465faf81523a479.png', '', '', '', '', 0, 0, '2020-11-14 12:33:46', '2020-11-14 12:33:46', 0);

-- --------------------------------------------------------

--
-- Table structure for table `tb_product`
--

CREATE TABLE `tb_product` (
  `product_id` int(11) NOT NULL,
  `product_name_th` varchar(100) COLLATE utf8_unicode_ci NOT NULL,
  `product_name_en` varchar(100) COLLATE utf8_unicode_ci NOT NULL,
  `product_type_id` int(11) NOT NULL,
  `product_line_up_id` int(11) NOT NULL,
  `product_description_th` text COLLATE utf8_unicode_ci NOT NULL,
  `product_description_en` text COLLATE utf8_unicode_ci NOT NULL,
  `product_detail_th` text COLLATE utf8_unicode_ci NOT NULL,
  `product_detail_en` text COLLATE utf8_unicode_ci NOT NULL,
  `product_image` varchar(200) COLLATE utf8_unicode_ci NOT NULL,
  `product_price` int(11) NOT NULL,
  `list_no` int(11) NOT NULL,
  `addby` int(11) NOT NULL,
  `adddate` datetime NOT NULL,
  `updateby` int(11) NOT NULL,
  `lastupdate` datetime NOT NULL
) ENGINE=InnoDB DEFAULT CHARSET=utf8 COLLATE=utf8_unicode_ci;

--
-- Dumping data for table `tb_product`
--

INSERT INTO `tb_product` (`product_id`, `product_name_th`, `product_name_en`, `product_type_id`, `product_line_up_id`, `product_description_th`, `product_description_en`, `product_detail_th`, `product_detail_en`, `product_image`, `product_price`, `list_no`, `addby`, `adddate`, `updateby`, `lastupdate`) VALUES
(9, '', 'กล้องวีดีโอ Sony PXW-FS7 M2 4K XDCAM Super 35 Camcorder Kit with 18-110mm Zoom Lens', 1, 46, '', 'XDCAM', '', '<p>รุ่นใหม่ล่าสุดจาก&nbsp;<strong>SONY</strong>&nbsp;มีสินค้าในสต๊อกจำนวนมากพร้อมส่งถึงมือท่าน หรือจัดส่งฟรีทั่วประเทศ&nbsp;<br />\r\n<strong>PXW-FS7 MARK II</strong>&nbsp;กล้องวีดีโอรุ่นใหม่จาก&nbsp;<strong>SONY</strong>&nbsp;ที่อัพเกรดมาจากซีรีย์เดิม&nbsp;<strong>PXW-FS7</strong>&nbsp;โดยเพิ่ม&nbsp;<strong>CODEC</strong>&nbsp;การถ่ายไฟล์&nbsp;<strong>RAW</strong>&nbsp;เข้ามาโดยที่ไม่ต้องอัพเกรดเฟิร์มแวร์ สามารถจับจองเป็นเจ้าของกันได้แล้ววันนี้ ที่&nbsp;<strong>99APLUS</strong></p>\r\n', '2211201303155fba143c1ac71.jpg', 375000, 1, 0, '2020-11-21 20:16:09', 0, '2020-11-26 18:14:27'),
(13, '', 'กล้องวีดีโอ Sony PXW-FS7 M2 XDCAM Super 35 Camera System', 1, 46, '', 'XDCAM', '', '<p><strong>จำหน่ายกล้องวีดีโอ Sony PXW-FS7M2 XDCAM Super 35 CMOS SENSOR&nbsp;BODY ONLY&nbsp;</strong><br />\r\nรุ่นใหม่ล่าสุดจาก&nbsp;<strong>SONY</strong>&nbsp;มีสินค้าในสต๊อกจำนวนมากพร้อมส่งถึงมือท่าน หรือจัดส่งฟรีทั่วประเทศ&nbsp;</p>\r\n\r\n<p><strong>SONY PXW-FS7 และ&nbsp; SONY PXW-FS7 Mark ii ต่างกันอย่างไร</strong></p>\r\n\r\n<p>SONY PXW-FS7 Mark ii หลายคนคงพอจะทราบและรู้จักกับ pxw-fs7 มานานพอสมควรแล้วแต่พอล่าสุดทาง SONY ได้เปิดตัวกล้องวีดีโอรุ่นใหม่ซึ่งใช้ชื่อเดิมแต่มี Mark ii ต่อท้าย ทีนี้คำถามที่หลาย ๆ คน คิดไว้ในหัวหลังจากได้ยินชื่อรุ่นของ pxw-fs7 mark ii ว่ามันต่างกันอย่างไร เพราะถ้ามองเรื่องราคา&nbsp;มันก็ถือได้ว่าห่างกันมากเป็นเท่าตัวเลยทีเดียวครับต้องมีอะไรที่พิเศษมากแน่ ๆ และนั่นคือหัวข้อที่เราจะนำมาพูดกันในวันนี้ครับ&nbsp;ก่อนอื่นเราจะมาดูภายนอกกันก่อนนะครับ บอกได้เลยว่าแทบจะไม่มีอะไรแตกต่างกันมากแต่ก็ได้เหมือนกันเป๊ะ ๆ ครับมีแตกต่างเป็นบางชิ้นเม่านั้นครับ</p>\r\n\r\n<p>1. เริ่มต้นด้วยตัวเซนเซอร์ของกล้องใช้เป็น Super 35 mm Single-Chip Exmor CMOS Sensor&nbsp;</p>\r\n\r\n<p>เป็นมาตรฐานหลักของตัวกล้องโซนี่อยู่แล้วที่ส่วนมากจะใช้ CMOS เซนเซอร์ ซึ่งทั้ง fs7 และ fs7 m2 ก็ใช้เซนเซอร์และขนาดแบบเดียวกันครับ</p>\r\n\r\n<p>2. รูปแบบของการบันทึกที่สามารถเลือกได้ของกล้องทั้งสองตัวมีดังนี้&nbsp;</p>\r\n\r\n<p>&nbsp;-4K 4096 x 2160</p>\r\n\r\n<p>&nbsp; 12-bit RAW</p>\r\n\r\n<p>&nbsp;-UHD 3840 x 2160</p>\r\n\r\n<p>&nbsp; 10-bit 4:2:2 XAVC-I</p>\r\n\r\n<p>&nbsp; 8-bit 4:2:0 XAVC-L</p>\r\n\r\n<p>&nbsp;-2K 2048 x 1080</p>\r\n\r\n<p>&nbsp; 12-bit Raw</p>\r\n\r\n<p>&nbsp;-HD 1920 x 1080</p>\r\n\r\n<p>&nbsp; 10-bit 4:2:2 XAVC-I</p>\r\n\r\n<p>&nbsp; 10-bit 4:2:2 XAVC-L</p>\r\n\r\n<p>&nbsp; MPEG2 4:2:2</p>\r\n\r\n<p>&nbsp;-HD 1280 x 720</p>\r\n\r\n<p>&nbsp; MPEG2 4:2:2</p>\r\n\r\n<p>ทั้งหมดที่กล่าวมานี้ทั้ง FS7 และ FS7 M2 ทำได้เหมือนกันหมดเลยครับก็ยังไม่เห็นความต่างอะไรในรูปแบบของการบันทึกนะครับ</p>\r\n\r\n<p>3. ส่วนฟังก์ชั่นในการถ่าย Slow &amp; Quick Motion</p>\r\n\r\n<p>ทั้งสองตัวก็สามารถถ่ายได้ที่&nbsp;</p>\r\n\r\n<p>XAVC-I mode 3840 x 2160: 1 to 60 frames (59.94p, 50p, 29.97p, 23.98p, 25p)</p>\r\n\r\n<p>XAVC-I mode 1920 x 1080: 1 to 180 frames (59.94p, 29.97p, 23.98p)</p>\r\n\r\n<p>XAVC-I mode 1920 x 1080: 1 to 150 frames (50p, 25p)</p>\r\n\r\n<p>XAVC-L mode 3840 x 2160: 1 to 60 frames (59.94p, 50p, 29.97p, 23.98p, 25p)</p>\r\n\r\n<p>XAVC-L mode 1920 x 1080: 1 to 120 frames (59.94p, 50p, 29.97p, 23.98p, 25p)</p>\r\n\r\n<p>ทั้งหมดที่กล่าวมานี้กล้องทั้งสองตัวสามารถทำได้เหมือนกันทุกประการครับ</p>\r\n\r\n<p>4. ส่วนที่ผมคิดว่าแตกต่างกันอย่างเห็นได้ชัดและระบุไว้ในสเปคก็เห็นจะเป็น Integrated Electronic Variable ND Filter ที่เพิ่มขึ้นมาใน FS7 Mark ii ครับ</p>\r\n\r\n<p>เพราะสามารถปรับค่าของ ND filter ได้อย่างอิสระมากกว่า FS7 ธรรมดาครับ</p>\r\n\r\n<p>5. ข้อสันนิษฐานที่ผมคิดว่ามันน่าจะแตกกันอย่างสิ้นเชิงคือเฟิมแวร์ด้านในซึ่งเร็ว ๆ นี้ทางบริษัท 99aplus กำลังจะทำการทดสอบให้เห็นได้ชัดมากขึ้นถึงความแตกต่างของกล้องสองตัวนี้ครับ&nbsp;</p>\r\n\r\n<p>อย่าลืมกดติดตามไว้นะครับหลังจากการทดสอบจะนำมาเขียนเป็นบทความให้อ่านกันต่อไปนะครับ</p>\r\n\r\n<p>ท่านไหนที่ไม่อยากรอก็สามารถสั่งซื้อได้แล้วที่นี่ ในราคาท่ี่ท่านคาดไม่ถึงแน่นอนครับ แว่วๆ มาว่า ทางฝั่ง maketing ของบริษัทจัดของแถมไว้ให้แบบจัดเต็มกันเลยที่เดียวครับ</p>\r\n\r\n<p><br />\r\n<strong>PXW-FS7 MARK II</strong>&nbsp;กล้องวีดีโอรุ่นใหม่จาก&nbsp;<strong>SONY</strong>&nbsp;ที่อัพเกรดมาจากซีรีย์เดิม&nbsp;<strong>PXW-FS7</strong>&nbsp;โดยเพิ่ม CODEC การถ่ายไฟล์ RAW เข้ามาโดยที่ไม่ต้องอัพเกรดเฟิร์มแวร์ สามารถจับจองเป็นเจ้าของกันได้แล้ววันนี้ ที่ 99APLUS<br />\r\nพิเศษเมื่อสั่งซื้อกล้อง&nbsp;<strong>SONY PXW-FS7</strong>&nbsp;ในราคา 365,000.- รับฟรี Sofe case และ Memory card&nbsp;</p>\r\n', '2211201304515fba149b13d61.jpg', 299900, 0, 0, '2020-11-21 20:17:41', 0, '2020-11-26 18:15:26'),
(14, '', 'เลนส์ Canon CN7x17 KAS S Cine-Servo 17-120mm T2.95 (EF Mount)', 2, 1, '', 'Lens Canon', '', '<p><strong>PRODUCT HIGHLIGHTS</strong></p>\r\n\r\n<ul>\r\n	<li>ENG-Style Zoom, Focus, and Iris Servos</li>\r\n	<li>For Broadcast or Cinema Shooting Styles</li>\r\n	<li>180&deg; Focus Ring with Knurled Grip</li>\r\n	<li>Double Focus Markings in Feet and Meters</li>\r\n	<li>Zoom Speed: 0.5 to 300 Seconds</li>\r\n	<li>Angle of View Shift Suppression</li>\r\n	<li>Detachable Drive Unit</li>\r\n	<li>Electronic Lens Mount &amp;12-Pin Connector</li>\r\n	<li>11-Blade Aperture Design</li>\r\n	<li>Covers up to Super 35mm Sized Sensors</li>\r\n</ul>\r\n\r\n<p>&nbsp;</p>\r\n\r\n<p><strong>The Cine-Servo 17-120mm T2.95 with EF mount</strong>&nbsp;from Canon is designed to combine the functionality and form factor of a broadcast, ENG-style motorized zoom lens with the optical precision of a cinema zoom. The lens is designed for use on cinema cameras with sensors up to Super 35mm (26.2 x 13.8mm) in size and is suitable for 4K acquisition. With a detachable drive mechanism and support for rod attachment, it is designed to be equally at home whether being used by a solo camera operator or a full production team.<br />\r\n&nbsp;</p>\r\n\r\n<p><strong>With a 17 to 120mm focal length, the lens features 7x zoom</strong>&nbsp;and has a maximum aperture of T 2.95 when set to 91mm or wider. Additionally, it features an 11 blade iris to create circular bokeh patterns as well as to reduce refraction. For ENG-style shooters the lens drive features servo motors powering zoom, focus, and iris. The lens can be connected to the camera either using a standard 12-pin connector or will communicate directly through the lens mount when attached to compatible cameras. Three 20-pin connectors below the servo housing allow many Canon and third-party zoom, focus, and iris controllers to be connected.<br />\r\n&nbsp;</p>\r\n\r\n<p><strong>Broadcast-Style Shooting</strong></p>\r\n\r\n<p><strong>Suitable for Shoulder Mounted Camera Operation</strong></p>\r\n\r\n<p>The CN7x17KAS S features the form factor and control layout of typical ENG lenses, and is designed to be friendly for a single camera operator to control while using the camera shoulder mounted. The zoom servo is controlled by rocker with the right hand and focus and iris can be operated manually with the left hand</p>\r\n\r\n<p><strong>Support for Standard Broadcast Lens Controllers</strong></p>\r\n\r\n<p>The lens is compatible with many 20-pin zoom and focus controllers, allowing the lens to be operated comfortably in a studio tripod or pedestal configuration or remotely, say while mounted on a jib or crane. Compatible controllers include the Canon FPD-400D focus control and the Canon ZSD-300D zoom control</p>\r\n\r\n<p><strong>Variable Speed Servo</strong></p>\r\n\r\n<p>High speed servo-driven zoom and iris is available for critical situations such as while filming sports or fast action. Meanwhile, slower speed settings are available for more expressive work. With this variability, the zoom duration can be set to last anywhere from 0.5 to 300 seconds</p>\r\n\r\n<p><strong>Immediate System Startup</strong></p>\r\n\r\n<p>The drive unit features a high-performance encoder so that the lens requires no initialization. This means the system can be used immediately without any delay waiting for it to boot up</p>\r\n\r\n<p><strong>Supports Virtual Image Data Output</strong></p>\r\n\r\n<p>Via three 20-pin connectors below the servo it is possible to connect an external system to collect 16-bit virtual image&nbsp;<strong>data</strong></p>\r\n\r\n<p>Standard Broadcast 12-Pin Camera Interface Cable</p>\r\n\r\n<p>The lens features the same 12-pin camera interface for power and serial data as found on regular Canon broadcast&nbsp;<strong>lenses</strong></p>\r\n\r\n<p><strong>Broadcast Lens-Style Focus Ring</strong></p>\r\n\r\n<p>In addition to servo zoom, focus, and iris another ENG-derived feature is the knurled focus ring, which is limited to a 180&deg; rotation</p>\r\n\r\n<p><strong>Angle of View Shift Suppression</strong></p>\r\n\r\n<p>The lens features a three-group inner focus system that is designed to minimize angle of view shift (breathing) that occurs when focusing the lens to ensure stable framing even during rack focus</p>\r\n\r\n<p><strong>Flange-Back Adjustment</strong></p>\r\n\r\n<p>The flange back may be adjusted in the same manner as on broadcast lenses to simplify the transition between different camera systems with different flange focal distances</p>\r\n\r\n<p><strong>Macro Function</strong></p>\r\n\r\n<p>The zoom ring features a broadcast lens-style release allowing the lens to quickly set to macro or back again</p>\r\n\r\n<p>Fully Closing Iris</p>\r\n\r\n<p>The iris may be closed fully for setting camera black balance or other calibration procedures</p>\r\n\r\n<p>Cinema-Style Shooting</p>\r\n\r\n<p>Detachable Drive Unit</p>\r\n\r\n<p>The motor unit housing the servo motors and zoom rocker may be removed for cinema style shooting where full manual control is preferred<br />\r\n&nbsp;</p>\r\n\r\n<p><strong>Supports Super 35mm Image Sensors</strong></p>\r\n\r\n<p>The CN7x17KAS S provides a sufficiently large image circle to cover a Super 35mm sensor</p>\r\n\r\n<p>Easier-to-Read Ring Markings</p>\r\n\r\n<p>The lens incorporates the following features designed to make the markings easier to read:</p>\r\n\r\n<p>The focus ring markings are placed on an angled surface so that they can be seen even by an operator sitting behind the camera</p>\r\n\r\n<p>Each ring marking is printed on both sides of a lens allowing focus-pullers or camera assistants to operate the lens from various positions. Additionally, the markings on one side of the lens have a luminous coating so that they can be read even in the dark</p>\r\n\r\n<p>The focus ring features both metric and imperial scales (meters and feet) so that you do not have to replace the lens ring to suit users accustomed to different units of measure<br />\r\n&nbsp;</p>\r\n\r\n<p><strong>Support for Cinema Lens Accessories</strong></p>\r\n\r\n<p>The lens is compatible with a wide array of accessories common in the cine industry, including matte boxes, follow focuses, and electronic and wireless controllers. The focus ring features both a 0.8mm pitch cine standard gear ring as well as a 0.5mm Canon pitch ring, the zoom feature a 0.5mm Canon pitch, and there is also a 0.4mm pitch iris gear</p>\r\n\r\n<p><strong>Compatible with Lens Support</strong></p>\r\n\r\n<p>Because of the weight of the lens it is often deemed helpful or necessary to support the lens using a 15mm or 19mm rod system. This lens makes that possible by allowing you to attach a lens support</p>\r\n\r\n<p>Lens-to-Camera Metadata Transmission</p>\r\n\r\n<p>The lens communicates directly with Cinema EOS camera through the lens interface. This allows lens metadata such as zoom setting and iris to recorded in the camera. Note that a firmware update may be required for proper communications between the lens and the camera.</p>\r\n\r\n<p>&nbsp;</p>\r\n\r\n<p>In addition the lens features a standard 12-pin broadcast camera interface and can also transmit zoom, focus, and iris data to a camera or other device via this connection</p>\r\n\r\n<p><strong>11-Blade Aperture Design</strong></p>\r\n\r\n<p>The lens features 11 aperture blades to make lens flares and orbs causes by the bokeh effect as close to round as possible. With fewer blades it is often possible to see the geometric shape of the aperture. Additionally, using an odd number of blades helps prevent diffraction effects that can cause pin-points of light to produce an unwanted &quot;staring&quot;&nbsp;<strong>effect</strong></p>\r\n\r\n<p><strong>Lens Design</strong></p>\r\n\r\n<p><strong>Aspherical Lens Technology</strong></p>\r\n\r\n<p>Since spherical lenses refract more in the periphery than the center it is essentially impossible for an image to be sharp across the entire frame. Aspherical lenses, on the other hand, are able to maintain much more even focusing across the image area for more uniform focusing. In addition, it means less elements are required in the lens design helping make it not only sharper, but reducing the size and weight as well</p>\r\n\r\n<p><strong>Canon Fluorite Coating</strong></p>\r\n\r\n<p>Because glass lenses can never be totally free from chromatic aberration Canon applies a special coating, fluorite, which has an anomalous dispersion characteristic effectively reducing the aberration below what is possible with glass&nbsp;<strong>alone</strong></p>\r\n\r\n<p><strong>UD and Hi-UD Glasses</strong></p>\r\n\r\n<p>In addition to fluorite, the use of ultra-low dispersion (UD) glass helps reduce the chromatic aberration that is a normal part of glass lenses. Additionally Hi-UD offers high refraction in addition to low dispersion to help combat spherical as well as chromatic aberration, including the aberration fluctuation normally caused by zooming<br />\r\n&nbsp;</p>\r\n\r\n<h2>Canon 17-120mm Specs</h2>\r\n', '2211201308285fba1574e1204.jpg', 820000, 0, 0, '2020-11-21 20:17:48', 0, '2020-11-26 18:20:21'),
(15, '', 'เลนส์ Canon CN-E 14.5-60mm T2.6 L S Cinema Zoom Lens with EF Mount', 2, 1, '', 'Lens Canon', '', '<p>&nbsp;</p>\r\n\r\n<p><strong>PRODUCT HIGHLIGHTS</strong></p>\r\n\r\n<ul>\r\n	<li>Covers APS-C &amp; Super 35 Sensor Sizes</li>\r\n	<li>Suitable for 4K Image Capture</li>\r\n	<li>11-Blade Iris for Smooth Bokeh</li>\r\n	<li>Geared Inner Focusing Reduces Breathing</li>\r\n	<li>Easy-to-Read Engraved Markings</li>\r\n	<li>160&deg; Rotation for Zoom</li>\r\n	<li>300&deg; Rotation for Focus</li>\r\n	<li>Weighs 9.9 lb</li>\r\n</ul>\r\n\r\n<p>&nbsp;</p>\r\n\r\n<p><strong>The Canon CN-E 14.5-60mm T2.6 L S Cinema Zoom Lens with EF Mount</strong>&nbsp;is designed expressly for digital cinematography with cameras that have an APS-C or Super 35-equivalent sensor and a EF mount, including Canon&#39;s EOS C300. Featuring advanced optical technology designed by Canon, the lens is suitable for any capturing any size HD image up to and including 4K resolution.<br />\r\n&nbsp;</p>\r\n\r\n<p>With a focal length range of 14.5-60mm, the 4.1x cinema zoom lens is designed to cover the wider end of the focal lengths typically required by cinematic productions, and its wide-angle length of 14.5mm puts it among the best in its class. (The other zoom lens in the line, the CN-E 30-300mm T2.95-3.7 L S, covers the telephoto end.) Maximum aperture is a very fast T2.6 through the entire range, and the 11-blade iris enables a smooth bokeh for out-of-focus areas of the frame.<br />\r\n&nbsp;</p>\r\n\r\n<p>The lens was designed with working professionals in mind, with easy-to-read focus, zoom, and iris markings engraved into angled surfaces on both sides of the lens, so you can read the setting from either side of a camera &ndash; or from behind it. Depending on the production&#39;s needs, focus markings can be switched from standard to metric. The lens facilitates manual operation that&#39;s subtle, smooth, precise, and repeatable. Control rings are designed to provide and maintain the proper amount of resistance so you can operate with a consistent torque. The focus rotation angle is about 300&deg;; for zoom, it&#39;s approximately 160&deg;.<br />\r\n&nbsp;</p>\r\n\r\n<p>The CN-E 14.5-60mm T2.6 L S lens complements the other lens in the line in more ways than just focal length range: Their shared 136mm front diameter, gear positions, and rotation angle make them almost &quot;hot-swappable&quot; when they&#39;re used with a shared matte box or follow focus.<br />\r\n&nbsp;</p>\r\n\r\n<p><strong>Internal Focus Design</strong></p>\r\n\r\n<p>The internal geared focus design of the lens minimizes focus-induced changes, known as &quot;breathing&quot;</p>\r\n\r\n<p><strong>Cinematic Blurring</strong></p>\r\n\r\n<p>An 11-blade aperture diaphragm results in soft, cinematic blurring of out-of-focus areas</p>\r\n\r\n<p><strong>Special Glass &amp; Construction</strong></p>\r\n\r\n<p>Designed to counteract barrel expansion and contraction, the special glass and the construction of the lens suppress temperature-induced marking discrepancies and flange-back changes</p>\r\n\r\n<p><strong>Broad Focal Length Range</strong></p>\r\n\r\n<p>The 14.5-60mm focal length range of the lens covers a great portion of the range most commonly used in cinema&nbsp;<strong>shooting</strong></p>\r\n\r\n<p><strong>Large Aspherical Lenses</strong></p>\r\n\r\n<p>Fluorite and aspherical lens elements reduce distortion and give high optical performance</p>\r\n\r\n<p><strong>Anti-Reflective Coating</strong></p>\r\n\r\n<p>The anti-reflective coating of the lens helps reduce ghosting or flaring</p>\r\n\r\n<p><strong>Switchable Unit for Focus Marking</strong></p>\r\n\r\n<p>The outer piece of the marked focus rings can be switched from metric to non-metric labeling</p>\r\n\r\n<p><strong>Marked on Both Sides</strong></p>\r\n\r\n<p>Markings are visible from either side of the lens</p>\r\n\r\n<p><strong>Better Marking Visibility</strong></p>\r\n\r\n<p>Focus, zoom, and iris markings are printed on angled surfaces, making them easier to read from behind the camera</p>\r\n\r\n<p><strong>Unified Front Lens Diameter, Gear Position</strong></p>\r\n\r\n<p>A single front lens diameter and uniform gear positions across the line of lenses eliminate the need to move or adjust&nbsp;<strong>accessories when switching between lenses</strong></p>\r\n\r\n<p>Flange-Back Adjustment Mechanism</p>\r\n\r\n<p>A covered flange-back mechanism is included for more accurate back-focus</p>\r\n\r\n<p><strong>Supports Standard Accessories</strong></p>\r\n\r\n<p>The lens can be used with standard accessories such as follow focus gears, marking disks, and matte boxes</p>\r\n\r\n<p><strong>Ergonomic &amp; Efficient</strong></p>\r\n\r\n<p>Control rings offer the right amount of resistance and consistent operating torque</p>\r\n\r\n<p><strong>Light &amp; Compact</strong></p>\r\n\r\n<p>Smaller and lighter than similar movie lenses of the same range, making them more comfortable to work with, hour after hour<br />\r\n&nbsp;</p>\r\n\r\n<h2><strong>Canon 14.5-60mm Specs</strong></h2>\r\n', '2211201311285fba1628209b1.jpg', 1270000, 0, 0, '2020-11-21 20:17:51', 0, '2020-11-26 18:21:51'),
(16, '', 'กล้อง DSLR Sony a9 CMOS sensor Mirrorless full frame', 3, 7, '', 'กล้อง DSLR SONY', '', '<p><strong>รายละเอียดและจุดเด่นหลัก ๆ ของกล้อง</strong></p>\r\n\r\n<p>&nbsp;</p>\r\n\r\n<ul>\r\n	<li>เซนเซอร์ Stacked CMOS ฟูลเฟรม 35 มม.&nbsp;</li>\r\n	<li>พร้อมหน่วยความจำรวมสำหรับความเร็วสูง</li>\r\n	<li>การถ่ายภาพต่อเนื่องความเร็วสูงถึง 20fps1</li>\r\n	<li>Fast Hybrid AF ที่ปรับปรุงใหม่ พร้อมความครอบคลุม AF กว้าง</li>\r\n	<li>มี AF ตรวจจับระยะห่างของระนาบโฟกัส 693 จุด</li>\r\n	<li>BIONZ X Image Processor &amp; Front-End LSI</li>\r\n	<li>Blackout-Free Quad-VGA 3.7m-Dot OLED EVF</li>\r\n	<li>Internal UHD 4K Video Recording</li>\r\n	<li>5-Axis SteadyShot INSIDE Stabilization</li>\r\n	<li>3.0&Prime; 1.44m-Dot Tilting Touchscreen LCD</li>\r\n	<li>ISO 204,800, Silent Electronic Shutter</li>\r\n	<li>Built-In Wi-Fi/Bluetooth, Dual SD Slots</li>\r\n	<li>Integrated LAN and PC Sync Terminals</li>\r\n</ul>\r\n\r\n<p><strong>SPECIFICATIONS</strong></p>\r\n\r\n<table>\r\n	<tbody>\r\n		<tr>\r\n			<th colspan=\"2\">Specification</th>\r\n		</tr>\r\n		<tr>\r\n			<td>ความละเอียดภาพสูงสุด (Max Resolution)</td>\r\n			<td>6000 x 4000</td>\r\n		</tr>\r\n		<tr>\r\n			<td>สัดส่วนภาพ (Image Ratio)</td>\r\n			<td>3:2, 16:9</td>\r\n		</tr>\r\n		<tr>\r\n			<td>พิกเซล (Effective Pixels)</td>\r\n			<td>24.2 Megapixel</td>\r\n		</tr>\r\n		<tr>\r\n			<td>เซลล์รับภาพ (Image Sensor)</td>\r\n			<td>CMOS, 35.6 x 23.8 mm</td>\r\n		</tr>\r\n		<tr>\r\n			<td>ความไวแสง (ISO Rating)</td>\r\n			<td>Auto, 100-51200 (Extended Mode: 50-204800)</td>\r\n		</tr>\r\n		<tr>\r\n			<td>Optical Zoom</td>\r\n			<td>n/a</td>\r\n		</tr>\r\n		<tr>\r\n			<td>Digital Zoom</td>\r\n			<td>n/a</td>\r\n		</tr>\r\n		<tr>\r\n			<td>ระบบป้องกันภาพสั่น (Image Stabilization)</td>\r\n			<td>Sensor-Shift, 5-Way</td>\r\n		</tr>\r\n		<tr>\r\n			<td>ระบบโฟกัส (Auto Focus Type)</td>\r\n			<td>Auto &amp; Manual</td>\r\n		</tr>\r\n		<tr>\r\n			<td>ระยะโฟกัสปกติ (Normal Focus Range)</td>\r\n			<td>n/a</td>\r\n		</tr>\r\n		<tr>\r\n			<td>ระยะมาโคร (Macro Focus Range)</td>\r\n			<td>n/a</td>\r\n		</tr>\r\n		<tr>\r\n			<td>White Balance</td>\r\n			<td>Auto, Cloudy, Color Temperature, Custom, Daylight, Flash, Fluorescent (Cool White), Fluorescent (Day White), Fluorescent (Daylight), Fluorescent (Warm White), Incandescent, Shade, Underwater</td>\r\n		</tr>\r\n		<tr>\r\n			<td>ค่ารูรับแสง (Aperture)</td>\r\n			<td>n/a</td>\r\n		</tr>\r\n		<tr>\r\n			<td>ค่าความเร็วชัตเตอร์ (Shutter Speed)</td>\r\n			<td>Type: Mechanical Speed: 30 - 1/8000 Second , Bulb Mode Type: Electronic Speed: 30 - 1/32000 Second in Bulb Mode</td>\r\n		</tr>\r\n		<tr>\r\n			<td>แฟลชภายใน (Built-In Flash)</td>\r\n			<td>No</td>\r\n		</tr>\r\n		<tr>\r\n			<td>ช่องต่อแฟลชภายนอก (External Flash)</td>\r\n			<td>Hot Shoe, PC Terminal</td>\r\n		</tr>\r\n		<tr>\r\n			<td>ระบบแฟลช (Flash Modes)</td>\r\n			<td>P-TTL</td>\r\n		</tr>\r\n		<tr>\r\n			<td>การชดเชยแสง (Exposure Compensation)</td>\r\n			<td>&plusmn;5 EV (in 1/3 or 1/2 EV steps)</td>\r\n		</tr>\r\n		<tr>\r\n			<td>ระบบวัดแสง (Metering)</td>\r\n			<td>Center-Weighted Average Metering, Multi-Zone Metering, Spot Metering, Highlight Weighted</td>\r\n		</tr>\r\n		<tr>\r\n			<td>โหมดแมนนวล (Manual Mode)</td>\r\n			<td>Yes</td>\r\n		</tr>\r\n		<tr>\r\n			<td>ถ่ายภาพต่อเนื่อง (Continuous Drive)</td>\r\n			<td>Up to 20 fps at 24.2 MP for up to 362 frames in JPEG format Up to 20 fps at 24.2 MP for up to 241 frames in raw format Up to 10 fps at 24.2 MP Up to 5 fps at 24.2 MP Up to 2.5 fps at 24.2 MP</td>\r\n		</tr>\r\n		<tr>\r\n			<td>ถ่ายภาพเคลือนไหว (Movie Clips)</td>\r\n			<td>AVCHD Ver. 2.0, MP4, MPEG-4 AVC/H.264, XAVC S</td>\r\n		</tr>\r\n		<tr>\r\n			<td>ตั้งเวลาถ่ายภาพ (Self-Timer)</td>\r\n			<td>10 Seconds, 5 Seconds, 2 Seconds</td>\r\n		</tr>\r\n		<tr>\r\n			<td>ประเภทหน่วยความจำ (Memory Type)</td>\r\n			<td>SD,SDHC,SDXC,Memory Stick Duo</td>\r\n		</tr>\r\n		<tr>\r\n			<td>ไฟล์ภาพ (File Types)</td>\r\n			<td>JPEG, RAW</td>\r\n		</tr>\r\n		<tr>\r\n			<td>ช่องมองภาพ (View Finder)</td>\r\n			<td>Electronic</td>\r\n		</tr>\r\n		<tr>\r\n			<td>ขนาดLCD</td>\r\n			<td>3</td>\r\n		</tr>\r\n		<tr>\r\n			<td>Video Out</td>\r\n			<td>1/8</td>\r\n		</tr>\r\n		<tr>\r\n			<td>ประเภทแบตเตอรี่ (Battery)</td>\r\n			<td>1 x NP-FZ100 Rechargeable Lithium-Ion Battery Pack, 7.2 VDC, 2280 mAh</td>\r\n		</tr>\r\n		<tr>\r\n			<td>น้ำหนัก (Weight)</td>\r\n			<td>673 g</td>\r\n		</tr>\r\n		<tr>\r\n			<td>ขนาด (Dimensions)</td>\r\n			<td>(WxHxD)126.9 x 95.6 x 63.0 mm</td>\r\n		</tr>\r\n	</tbody>\r\n</table>\r\n', '2611201823005fbfa52c417e1.jpg', 130990, 0, 0, '2020-11-21 20:17:53', 0, '2020-11-26 18:23:00'),
(17, '', 'กล้อง DSLR Sony a99 ii CMOS sensor 35mm. full frame', 3, 7, '', 'กล้อง DSLR SONY', '', '<p><strong>รายละเอียดและจุดเด่นหลัก ๆ ของกล้อง</strong></p>\r\n\r\n<p>&nbsp;</p>\r\n\r\n<ul>\r\n	<li>เซนเซอร์ Exmor R &trade; CMOS 35 มม. แบบฟูลเฟรม</li>\r\n	<li>ที่มีพิกเซลที่ใช้งานจริง 42.4 MP (ประมาณ)</li>\r\n	<li>ระบบ AF ตรวจจับระยะห่างไฮบริดและการถ่ายภาพต่อเนื่องได้ถึง 12fps</li>\r\n	<li>SteadyShot&trade; INSIDE 5 แกน &mdash; ระบบป้องกันการสั่นไหวในตัวกล้องสำหรับรุ่น A-mount</li>\r\n	<li>ระบบประมวลผลภาพ BIONZ X</li>\r\n</ul>\r\n\r\n<p>&nbsp;</p>\r\n\r\n<p><strong>SPECIFICATIONS</strong></p>\r\n\r\n<ul>\r\n	<li>เลนส์ A-mount ของ Sony สามารถใช้ร่วมกับเลนส์ Minolta/Konica Minolta ได้</li>\r\n	<li>ประเภทเซนเซอร์</li>\r\n	<li>เซนเซอร์ Exmor R CMOS ฟูลเฟรม 35 มม. (35.9 x 24.0 มม.)</li>\r\n	<li>จำนวนพิกเซล (ที่ใช้งานจริง</li>\r\n	<li>ประมาณ 42.4 ล้านพิกเซล</li>\r\n	<li>ความไวแสง ISO (RECOMMENDED EXPOSURE INDEX)</li>\r\n	<li>ภาพนิ่ง: ISO 100-25600 (สามารถตั้งเลข ISO ตั้งแต่ ISO 50 ถึง ISO 102400 เป็นช่วง ISO แบบขยายได้), อัตโนมัติ (ISO 100-6400, เลือกขีดจำกัดล่างและขีดจำกัดบนได้), ภาพยนตร์: เทียบเท่า ISO 100-25600, AUTO (ISO 100-6400, เลือกขีดจำกัดบน/ล่างได้)</li>\r\n	<li>ระยะเวลาการใช้งานแบตเตอรี่ (ภาพนิ่ง)</li>\r\n	<li>ประมาณ 390 ภาพ (ช่องมองภาพ) /ประมาณ 490 ภาพ (จอภาพ LCD) (มาตรฐาน CIPA)25</li>\r\n	<li>ประเภทช่องมองภาพ</li>\r\n	<li>ช่องมองภาพอิเล็กทรอนิกส์ขนาด 1.3 ซม. (0.5 type), XGA OLED</li>\r\n	<li>ประเภทจอภาพ</li>\r\n	<li>TFT ชนิด 7.5 ซม. (3.0-type)</li>\r\n</ul>\r\n\r\n<p><img src=\"https://fv.lnwfile.com/_/fv/_raw/cb/v1/jh.jpg\" /></p>\r\n', '2211201317075fba177be5eb7.jpg', 109000, 0, 0, '2020-11-21 20:17:55', 0, '2020-11-26 18:23:55'),
(18, '', 'ขาตั้งกล้องวีดีโอ LIBEC TH-650HD', 4, 13, '', 'ขาตั้งกล้องวีดีโอ LIBEC', '', '<p><strong>จำหน่ายขาตั้งกล้องวีดีโอ LIBEC TH-650HD&nbsp;</strong></p>\r\n\r\n<p>Great camera balance can be achieved due to the counterbalance feature with the built-in spring. The fluid torque system contributes to smooth operation. The TH-650HD is an ideal entry-level tripod system for home video shootings and for digital single-lens reflex camera users.<br />\r\n<br />\r\n<strong>SPECIFICATIONS LIBEC TH-650HD</strong><br />\r\n&nbsp;</p>\r\n\r\n<table>\r\n	<tbody>\r\n		<tr>\r\n			<th colspan=\"2\">\r\n			<h3>Specifications</h3>\r\n			</th>\r\n		</tr>\r\n		<tr>\r\n			<td>Payload</td>\r\n			<td colspan=\"2\">3kg / 6.5lb</td>\r\n		</tr>\r\n		<tr>\r\n			<td>Counterbalance</td>\r\n			<td colspan=\"2\">FIX</td>\r\n		</tr>\r\n		<tr>\r\n			<td>Drag mode</td>\r\n			<td colspan=\"2\">FIX</td>\r\n		</tr>\r\n		<tr>\r\n			<td>Tilt angle</td>\r\n			<td colspan=\"2\">+90&deg; / -70&deg;</td>\r\n		</tr>\r\n		<tr>\r\n			<td>Temperature range</td>\r\n			<td colspan=\"2\">-20&deg;C to +60&deg;C / -4&deg;F to +140&deg;F</td>\r\n		</tr>\r\n		<tr>\r\n			<td>Bubble level</td>\r\n			<td colspan=\"2\">Non illuminated</td>\r\n		</tr>\r\n		<tr>\r\n			<td>Camera plate</td>\r\n			<td colspan=\"2\">Quick release plate</td>\r\n		</tr>\r\n		<tr>\r\n			<td>Plate attachment</td>\r\n			<td colspan=\"2\">1/4&quot; screw</td>\r\n		</tr>\r\n		<tr>\r\n			<td>Spare screw</td>\r\n			<td colspan=\"2\">None</td>\r\n		</tr>\r\n		<tr>\r\n			<td>Weight</td>\r\n			<td colspan=\"2\">3.2kg / 7.0lb</td>\r\n		</tr>\r\n		<tr>\r\n			<td>Height</td>\r\n			<td colspan=\"2\">70 to 150cm / 27.5 to 59.0&quot;</td>\r\n		</tr>\r\n		<tr>\r\n			<td>Ball diameter</td>\r\n			<td colspan=\"2\">65mm</td>\r\n		</tr>\r\n		<tr>\r\n			<td>Section</td>\r\n			<td colspan=\"2\">2STAGE</td>\r\n		</tr>\r\n	</tbody>\r\n</table>\r\n\r\n<p>&nbsp;</p>\r\n\r\n<p><img src=\"https://fv.lnwfile.com/_/fv/_raw/me/mo/49.png\" /></p>\r\n', '2211201318105fba17ba6240d.png', 7500, 0, 0, '2020-11-21 20:17:58', 0, '2020-11-26 18:34:13'),
(19, '', 'ขาตั้งกล้องวีดีโอ Libec ALX KIT Tripod and Fluid Head Kit', 4, 13, '', 'ขาตั้งกล้องวีดีโอ LIBEC', '', '<p><strong>PRODUCT HIGHLIGHTS</strong></p>\r\n\r\n<ul>\r\n	<li>9 lb Load Capacity</li>\r\n	<li>75mm Ball Fluid Head with Flat Base</li>\r\n	<li>Fixed Counterbalance and Drag</li>\r\n	<li>2-Stage Tripod with Mid-Level Spreader</li>\r\n	<li>29.3 to 64.8&quot; Height Range</li>\r\n	<li>Sliding Quick Release Plate</li>\r\n	<li>Spiked Feet with Screw-Down Rubber Pads</li>\r\n	<li>Padded Carrying Case</li>\r\n</ul>\r\n\r\n<p>&nbsp;</p>\r\n\r\n<p><strong>The ALX KIT from Libec is a tripod system comprising the 75mm bowl Libec ALX T tripod</strong>&nbsp;and the ALX H fluid head that supports loads up to 9 lb. The 3-section aluminum tripod has an operating height of 29.3 to 64.8&quot; and features a telescopic mid-level spreader for added leg rigidity. The ALX H head provides smooth pan and tilt movements, using its fixed drag and counterbalance, and includes a sliding quick release plate for camera attachment. The plate comes with a 1/4&quot;-20 screw, and a 3/8&quot;-16 screw is also provided that stores in a thread under the plate. Because the 75mm ball base of the head has a flat bottom, the head can also be used with flat base tripods or even mounted to a camera slider platform. The entire ALX KIT tripod system stores inside of an included padded carrying case.<br />\r\n&nbsp;</p>\r\n\r\n<p><strong>ALX H Dual-Base Fluid Head</strong></p>\r\n\r\n<p>Compatible with both flat and ball-base hardware, the Libec ALX H Fluid Head is a versatile tripod head for video production. The ALX H base features a standard 75mm ball-base with a flattened area containing a standard 3/8&quot;-16 threaded hole for mounting to standard flat-mount hardware found on compact sliders and other grip equipment. The pan and tilt fluid-drag mechanisms are fixed-strength, as is the counterbalance. The head&#39;s construction allows for a wide +90&deg; (down)/-80&deg; (up) tilt range. Each axis can be locked down for extra stability during stationary shots. Both sides of the tripod head feature rosettes for attaching the included pan handle on the desired side. The camera connects to the included sliding snap-in plate, which by default holds a 1/4&quot;-20 screw and a guiding pin. A 3/8&quot;-16 screw is included and can be stowed underneath the camera plate when not in use.</p>\r\n\r\n<p>Dual-base head with a 75mm ball base and flat base</p>\r\n\r\n<ul>\r\n	<li>Tilt lock</li>\r\n	<li>Includes quick release camera plate and dual-side rosette mount pan handle</li>\r\n	<li>Rosette adapters on both sides</li>\r\n	<li>Fixed counterbalance and drag</li>\r\n	<li>Illuminated bubble level</li>\r\n	<li>ALX T Aluminum Tripod with Mid-Level Spreader (75mm Bowl)</li>\r\n	<li>Get the stability you need for your heavy cinema camera kit by using this ALX T Aluminum Tripod with Mid-Level Spreader from Libec. The ALX T can support up to 55 lb and offers a 75mm bowl fitting for holding a wide variety of heads. The standard two-stage legs have a height range of 23.5 to 59&quot;, while a telescopic mid-level spreader is available for added stability and fast setup. The tripod also has rubber feet with integrated metal spikes for working on both smooth surfaces and rough outdoor environments. Additionally, it weighs 5.5 lb.</li>\r\n</ul>\r\n\r\n<p><br />\r\n<strong>SPECIFICATIONS</strong></p>\r\n\r\n<ul>\r\n	<li>\r\n	<p>ALX H Dual-Base Fluid Head</p>\r\n\r\n	<table>\r\n		<tbody>\r\n			<tr>\r\n				<td>Payload</td>\r\n				<td>9 lb / 4 kg</td>\r\n			</tr>\r\n			<tr>\r\n				<td>Camera Plate</td>\r\n				<td>Sliding plate</td>\r\n			</tr>\r\n			<tr>\r\n				<td>Sliding Range</td>\r\n				<td>1.6&quot; (+/-40 mm)</td>\r\n			</tr>\r\n			<tr>\r\n				<td>Plate Attachment</td>\r\n				<td>1/4&quot; screw with video pin</td>\r\n			</tr>\r\n			<tr>\r\n				<td>Screw Sliding Range</td>\r\n				<td>3&quot; / 76 mm</td>\r\n			</tr>\r\n			<tr>\r\n				<td>Tilt Angle</td>\r\n				<td>+90&deg; / -80&deg;</td>\r\n			</tr>\r\n			<tr>\r\n				<td>Pan Angle</td>\r\n				<td>360&deg;</td>\r\n			</tr>\r\n			<tr>\r\n				<td>Counterbalance</td>\r\n				<td>Fixed</td>\r\n			</tr>\r\n			<tr>\r\n				<td>Drag Mode</td>\r\n				<td>Fixed</td>\r\n			</tr>\r\n			<tr>\r\n				<td>Tilt Lock</td>\r\n				<td>Yes</td>\r\n			</tr>\r\n			<tr>\r\n				<td>Base</td>\r\n				<td>75 mm ball with 3/8&quot;-16-threaded flat base</td>\r\n			</tr>\r\n			<tr>\r\n				<td>Leveling Bubble</td>\r\n				<td>Yes (illuminated)</td>\r\n			</tr>\r\n			<tr>\r\n				<td>Weight</td>\r\n				<td>2.9 lb / 1.3 kg</td>\r\n			</tr>\r\n		</tbody>\r\n	</table>\r\n\r\n	<table>\r\n		<tbody>\r\n			<tr>\r\n				<th colspan=\"2\"><a id=\"shipping\" name=\"shipping\"></a>Packaging Info</th>\r\n			</tr>\r\n			<tr>\r\n				<td>Box Dimensions (LxWxH)</td>\r\n				<td>15.5 x 8.4 x 5.9&quot;</td>\r\n			</tr>\r\n		</tbody>\r\n	</table>\r\n	</li>\r\n	<li>\r\n	<p><strong>ALX T Aluminum Tripod with Mid-Level Spreader (75mm Bowl)</strong></p>\r\n\r\n	<table>\r\n		<tbody>\r\n			<tr>\r\n				<th colspan=\"2\"><a id=\"46404\" name=\"46404\"></a>General</th>\r\n			</tr>\r\n			<tr>\r\n				<td>Load Capacity</td>\r\n				<td>55 lb / 25 kg</td>\r\n			</tr>\r\n			<tr>\r\n				<td>Head Attachment Fitting</td>\r\n				<td>75mm bowl</td>\r\n			</tr>\r\n			<tr>\r\n				<td>Maximum Height</td>\r\n				<td>59&quot; / 150 cm</td>\r\n			</tr>\r\n			<tr>\r\n				<td>Minimum Height</td>\r\n				<td>23.5&quot; / 60 cm</td>\r\n			</tr>\r\n			<tr>\r\n				<td>Weight</td>\r\n				<td>5.5 lb / 2.5 kg</td>\r\n			</tr>\r\n		</tbody>\r\n	</table>\r\n\r\n	<table>\r\n		<tbody>\r\n			<tr>\r\n				<th colspan=\"2\"><a id=\"45001\" name=\"45001\"></a>Legs</th>\r\n			</tr>\r\n			<tr>\r\n				<td>Material</td>\r\n				<td>Aluminum</td>\r\n			</tr>\r\n			<tr>\r\n				<td>Leg Stages/Sections</td>\r\n				<td>2/3</td>\r\n			</tr>\r\n			<tr>\r\n				<td>Leg Lock Type</td>\r\n				<td>Twist knobs</td>\r\n			</tr>\r\n			<tr>\r\n				<td>Spreader</td>\r\n				<td>Mid-level</td>\r\n			</tr>\r\n		</tbody>\r\n	</table>\r\n\r\n	<table>\r\n		<tbody>\r\n			<tr>\r\n				<th colspan=\"2\"><a id=\"shipping\" name=\"shipping\"></a>Packaging Info</th>\r\n			</tr>\r\n			<tr>\r\n				<td>Box Dimensions (LxWxH)</td>\r\n				<td>34.5 x 8.0 x 7.0&quot;</td>\r\n			</tr>\r\n		</tbody>\r\n	</table>\r\n	</li>\r\n</ul>\r\n\r\n<p>&nbsp;</p>\r\n\r\n<p>&nbsp;</p>\r\n\r\n<p><img src=\"https://fv.lnwfile.com/_/fv/_raw/bq/hf/ey.jpg\" /></p>\r\n', '2211201319015fba17edebbca.jpg', 14000, 0, 0, '2020-11-21 20:18:00', 0, '2020-11-26 18:34:47'),
(20, '', 'SWITCHER SONY MCX-500 Multi-Camera Live Producer', 5, 15, '', 'Switcher Sony', '', '<p><br />\r\n<strong>ราคาพิเศษ 92,000 บาทก่อนภาษีมูลค่าเพิ่ม&nbsp;</strong><br />\r\n<img alt=\"\" src=\"https://pro.sony/s3/2017/08/27141238/Broadcast-MCX500_Heropage_05.png\" /></p>\r\n\r\n<p><strong>จำหน่ายสวิตเชอร์ Sony MCX-500</strong>&nbsp;สวิตเชอร์รุ่นใหม่ของ&nbsp;SONY สำหรับใช้ในการสลับสัญญาณภาพ สามารถต่อสัญญาณภาพเข้าได้ถึง 8 อินพุต +อีก 1 Title รองรับทั้งระบบ Pal/NTSC รองรับการผลิตรายการถ่ายทอดสด (Live Streaming) ผ่าน Facebook Youtube ใส่ Logo สำหรับรายการของท่านมีระบบทราสชิชั่น ให้เลือกหลายรูปแบบ สามารถเลือกได้ผ่านหน้าจอระบบ ทัชสกรีนผ่านหน้าจอระบบ LCD อีกทั้งสามารถควบคุมผ่านรีโมท RM-30BP โดยต่อ เป็น Solutions เข้าร่วมกับกล้องวีดีโอของ SONY และฟังก์ชั่นอื่น ๆ อีกมากมายที่รวมอยู่ในสวิตซ์เชอร์ SONY MCX-500&nbsp;<br />\r\n<br />\r\n<strong>SWITCHER SONY MCX-500</strong>&nbsp;มีสินค้าในสต๊อกจำนวนมากพร้อมส่งถึงมือท่าน หรือจัดส่งฟรีทั่วประเทศ</p>\r\n\r\n<p><em><strong>&nbsp;</strong></em></p>\r\n\r\n<p><em><strong>พิเศษช่วงโปรโมชั่น MCX-500 จำหน่ายอยู่ที่ราคา 92,000&nbsp;ก่อน Vat 7%</strong></em></p>\r\n\r\n<p><strong>&nbsp;</strong></p>\r\n\r\n<p><strong>The MCX-500 is an affordable, uniquely user-friendly and flexible production switcher that makes it simple for a single operator or small team to produce a broadcast quality live event. Multiple video inputs include professional 3G-SDI, HDMI, Composite Video plus dedicated DSK mean you can mix and match kit as needed for each production.</strong></p>\r\n\r\n<p><strong>&nbsp;</strong></p>\r\n\r\n<p><strong>PRODUCT HIGHLIGHTS</strong></p>\r\n\r\n<ul>\r\n	<li>4 x Primary, 1 x Title Input Switcher</li>\r\n	<li>NTSC/PAL, HD Input Supported</li>\r\n	<li>Individual Frame Synchronizer per Input</li>\r\n	<li>Internal 1080i Processing</li>\r\n	<li>Hardware Buttons and LCD Touchscreen</li>\r\n	<li>Cut, Mix, Wipe, and Keyer Effects</li>\r\n	<li>Built-In Live Streaming Encoder</li>\r\n	<li>Record Program to SD Card Slot in AVCHD</li>\r\n	<li>Built-In Audio Mixer</li>\r\n</ul>\r\n\r\n<p><strong>Mac, PC, and Tablet Integration</strong></p>\r\n\r\n<p>Sony&#39;s&nbsp;<strong>MCX-500</strong>&nbsp;4-Input Production Streaming/Recording Switcher is much more than just a portable four-input switcher. It is a global system that supports both 60 and 50 Hz production formats, so you can work with it virtually anywhere in the world. Four 3G-SDI inputs, two HDMI, and two composite (CVBS) inputs each feature a discrete frame synchronizer, allowing you to mix input sources. The unit internally processes the input footage at 1080i.</p>\r\n\r\n<p>&nbsp;</p>\r\n\r\n<p>The&nbsp;<strong>MCX-500</strong>&nbsp;combines a manual control surface with a touchscreen LCD that you can control locally or from a networked device. As you would expect from a professional mixer, cut, mix, wipe, and key effects are built into the unit. In addition to the program and multiview preview outputs, the switcher can also live stream to services such as Ustream via Ethernet, without requiring additional hardware. Likewise, the MCX-500 can record the program stream to an SD card, which is not included, via the built-in SD card slot. Beyond just the video switching capabilities, it is also a 5-channel audio mixer. You can control the switcher remotely via Mac, PC, or a tablet.</p>\r\n\r\n<p>&nbsp;<img alt=\"\" src=\"https://pro.sony/s3/2017/08/27141339/Broadcast-MCX500_Heropage_07.png\" /></p>\r\n\r\n<p>&nbsp;</p>\r\n\r\n<p><strong>Eight Video Inputs and One Title Input</strong></p>\r\n\r\n<p>&nbsp;</p>\r\n\r\n<p>The MCX-500 features no less than eight video inputs (plus dedicated Title input) to easily accommodate small to medium-sized productions. Inputs include four 3G-SDI, two HDMI, and two composite video inputs, allowing you to connect a wide variety of cameras and other equipment.</p>\r\n\r\n<p>&nbsp;</p>\r\n\r\n<p>Multiview Monitoring</p>\r\n\r\n<p>&nbsp;</p>\r\n\r\n<p>Monitoring on the multiview output always displays the four selected inputs. It will also display the program and preview output on your monitor&#39;s screen in addition to the four inputs.</p>\r\n\r\n<p>&nbsp;</p>\r\n\r\n<p><strong>Configurable LCD Touchscreen</strong></p>\r\n\r\n<p>&nbsp;</p>\r\n\r\n<p>Tune your exact workflow requirements and map the LCD touchscreen control with ICON buttons, allowing you to trigger effects you&#39;ve predefined with a single touch.</p>\r\n\r\n<p>&nbsp;</p>\r\n\r\n<p>Titles and Effects</p>\r\n\r\n<p>&nbsp;</p>\r\n\r\n<p>The MCX-500 allows you to easily create advanced video effects such as chroma key, transitions, and PiP (Picture-in-Picture).</p>\r\n\r\n<p>&nbsp;</p>\r\n\r\n<p>Streaming Content</p>\r\n\r\n<p>&nbsp;</p>\r\n\r\n<p>The MCX-500 allows you to live mix the output of multiple sources with direct streaming in real time using services such as Ustream.</p>\r\n\r\n<p>&nbsp;</p>\r\n\r\n<p>Global Video Switcher</p>\r\n\r\n<p>&nbsp;</p>\r\n\r\n<p>The switcher allows you to switch, output, and record a variety of HD standards depending. You can record AVCHD Full HD 1920 x 1080 60i/50i, or 1440 x 1080 60i/50i to SD cards (not included), via the built-in SD card slot.</p>\r\n\r\n<p>&nbsp;</p>\r\n\r\n<p><strong>Tally</strong></p>\r\n\r\n<p>The&nbsp;<strong>MCX-500</strong>&nbsp;supports sending tally signals to connected compatible camcorders. The tally indicator appears on each camcorder&#39;s LCD panel and Electronic Viewfinder. A red icon indicates when the shot is live (PGM), while green indicates preview (NEXT).</p>\r\n\r\n<p>&nbsp;</p>\r\n\r\n<p><strong>SPECIFICATIONS</strong></p>\r\n\r\n<table cellpadding=\"0\" cellspacing=\"0\">\r\n	<tbody>\r\n		<tr>\r\n			<td>\r\n			<p>Signal System</p>\r\n			</td>\r\n			<td>\r\n			<p>1080i: 59.94/50</p>\r\n			</td>\r\n		</tr>\r\n		<tr>\r\n			<td>\r\n			<p>Recording</p>\r\n			</td>\r\n			<td>\r\n			<p>Format: AVCHD</p>\r\n\r\n			<p>Media: Memory Stick PRO Duo, SDHC</p>\r\n			</td>\r\n		</tr>\r\n		<tr>\r\n			<td>\r\n			<p>Streaming</p>\r\n			</td>\r\n			<td>\r\n			<p>Protocol: MPEG-2 TS/RTMP</p>\r\n			</td>\r\n		</tr>\r\n		<tr>\r\n			<td>\r\n			<p>Input Connectors</p>\r\n			</td>\r\n			<td>\r\n			<p>4 x 3G/HD/SD-SDI BNC, 75 Ohms</p>\r\n\r\n			<p>2 x HDMI Type A</p>\r\n\r\n			<p>2 x Composite BNC, 75 Ohms, 1.0 Vpp, negative sync</p>\r\n\r\n			<p>1 x Title: D-Sub 15-pin, female</p>\r\n			</td>\r\n		</tr>\r\n		<tr>\r\n			<td>\r\n			<p>Output Connectors</p>\r\n			</td>\r\n			<td>\r\n			<p><strong>Program</strong></p>\r\n\r\n			<p>1 x HD-SDI BNC (Program), 75 Ohms, 1.5 Gbps, 270 Mbps</p>\r\n\r\n			<p>1 x HDMI Type A</p>\r\n\r\n			<p>1 x Composite BNC, 75 Ohms, 1.0 Vpp, negative sync</p>\r\n\r\n			<p>&nbsp;</p>\r\n\r\n			<p><strong>Multi-view</strong></p>\r\n\r\n			<p>1 x HDMI Type A</p>\r\n			</td>\r\n		</tr>\r\n		<tr>\r\n			<td>\r\n			<p>Audio Input</p>\r\n			</td>\r\n			<td>\r\n			<p><strong>Embedded</strong></p>\r\n\r\n			<p>SDI/HDMI: 48 kHz, 16-bit</p>\r\n\r\n			<p>&nbsp;</p>\r\n\r\n			<p><strong>Analog</strong></p>\r\n\r\n			<p>2 x Combo XLR/TRS (Ch-1, Ch-2)</p>\r\n			</td>\r\n		</tr>\r\n		<tr>\r\n			<td>\r\n			<p>Audio Output</p>\r\n			</td>\r\n			<td>\r\n			<p><strong>Embedded</strong></p>\r\n\r\n			<p>SDI/HDMI: 48 kHz, 16-bit</p>\r\n\r\n			<p>&nbsp;</p>\r\n\r\n			<p><strong>Analog</strong></p>\r\n\r\n			<p>1 x Phono jack (Ch-1, Ch-2)</p>\r\n\r\n			<p>&nbsp;</p>\r\n\r\n			<p><strong>Headphone</strong></p>\r\n\r\n			<p>1 x Stereo mini jack</p>\r\n			</td>\r\n		</tr>\r\n		<tr>\r\n			<td>\r\n			<p>Interface</p>\r\n			</td>\r\n			<td>\r\n			<p><strong>LAN</strong></p>\r\n\r\n			<p>2 x RJ-45 100/1000BASE-TX (PC UI streaming)</p>\r\n\r\n			<p>&nbsp;</p>\r\n\r\n			<p><strong>USB 2.0</strong></p>\r\n\r\n			<p>1 x Mini-USB Type B</p>\r\n\r\n			<p>&nbsp;</p>\r\n\r\n			<p><strong>Option</strong></p>\r\n\r\n			<p>1 x 3.5 mm jack</p>\r\n\r\n			<p>&nbsp;</p>\r\n\r\n			<p><strong>Tally</strong></p>\r\n\r\n			<p>1 x D-Sub 9-pin (male)</p>\r\n			</td>\r\n		</tr>\r\n		<tr>\r\n			<td>\r\n			<p>Dimensions</p>\r\n			</td>\r\n			<td>\r\n			<p>14.3 x 1.7 x 8.1&quot; / 36.2 x 4.4 x 20.6 cm</p>\r\n			</td>\r\n		</tr>\r\n		<tr>\r\n			<td>\r\n			<p>Weight</p>\r\n			</td>\r\n			<td>\r\n			<p>4.52 lb / 2.05 kg</p>\r\n			</td>\r\n		</tr>\r\n	</tbody>\r\n</table>\r\n', '2211201321305fba188299a29.jpg', 92000, 0, 0, '2020-11-21 20:18:03', 0, '2020-11-26 18:35:54');
INSERT INTO `tb_product` (`product_id`, `product_name_th`, `product_name_en`, `product_type_id`, `product_line_up_id`, `product_description_th`, `product_description_en`, `product_detail_th`, `product_detail_en`, `product_image`, `product_price`, `list_no`, `addby`, `adddate`, `updateby`, `lastupdate`) VALUES
(21, '', 'Sony MCS8M Compact Audio Video Mixing Switcher', 5, 15, '', 'Switcher Sony', '', '<p><strong>PRODUCT HIGHLIGHTS</strong></p>\r\n\r\n<ul>\r\n	<li>6-Channel Audio Mixer</li>\r\n	<li>Built-In Frame Synchronizer</li>\r\n	<li>Integrated Multi-Viewer</li>\r\n	<li>Single-Channel Frame Memory Output</li>\r\n	<li>Input Freeze, Snapshot Functions</li>\r\n	<li>SDI With Embedded Audio, HDMI, DVI</li>\r\n	<li>1920 x 1080, 1280 x 1024 Resolution</li>\r\n	<li>Import Still Images Via USB Port</li>\r\n	<li>3D Mode Function, Preset Effects</li>\r\n	<li>Creative AUX MIX Function</li>\r\n</ul>\r\n\r\n<p><br />\r\n<strong>Sony MCS-8M overview</strong><br />\r\n<em>The&nbsp;</em><em><strong>MCS8M Compact Audio Video Mixing Switcher</strong></em><em>&nbsp;from&nbsp;</em><em><strong>Sony</strong></em><em>&nbsp;is an A/V switcher with an integrated audio mixer and frame synchronizer. A user-friendly device, it boasts numerous preset DME wipe patterns, a built-in multi-viewer, single-channel frame memory output, and an Input Freeze function for every source. It also features the ability to import still images using a USB port, plus a 3D Mode function, six-channel audio mixer, AUX MIX and more! Designed for easy, intuitive operation, the MCS8M contains tools ideal for content creation and event programming. Here is a powerful, versatile and affordable switcher, great for small live productions, church presentations, school sports, corporate events, weddings, fly packs, music videos, conferencing and more.</em><br />\r\n<br />\r\n&nbsp;</p>\r\n\r\n<p><strong>Multi-Viewing Function</strong></p>\r\n\r\n<p>Boasts a multi-viewing function, enabling one monitor to display all input signals, PGM and PVW, AUX1 PGM and PVW, AUX2 PGM and PVW using SDI and / or DVI-D outputs. The multi-viewing video signal is output from SDI and DVI-D at the same time. There are 4-screen and 10-screen layouts assignable. Check sources on the same monitor simultaneously. The sub-screen with a red frame contains the video presently on air.<br />\r\n<br />\r\n<strong>Video Inputs</strong></p>\r\n\r\n<p>Features 4x HD SDI inputs, 3x HDMI inputs, 1x DVI-I input and 1x DVI-D output in high definition (HD) Mode (1920 x 1080 DVI resolution). In standard definition (SD) mode, 4x SD SDI inputs, 3x Composite inputs and 1x DVI-I input (analog only, up to 1280 x 1024 WXGA resolution) are available<br />\r\n<br />\r\n<strong>Video Outputs</strong></p>\r\n\r\n<p>There are 4x HD SDI outputs in HD Mode, which are used as AUX outputs. For every AUX out, one of the signals can be assigned from PGM, PVW, AUX1 PGM, AUX1 PVW, AUX2 PGM, AUX2 PVW or MV. You also have 2x DVI-I out, for use as AUX and MV. In SD Mode, you&#39;ve got 4x SD SDI outputs, which are used as AUX outputs. For every AUX out, one of the signals can be assigned from PGM, PVW, AUX1 PGM, AUX1 PVW, AUX2 PGM, AUX2 PVW or MV. There are also 2x DVI-D out, for use as AUX and MV, and 1x Composite out, which is used as AUX</p>\r\n\r\n<p><br />\r\n<strong>SDI Embedded Audio</strong></p>\r\n\r\n<p>All HD / SD SDI inputs and outputs (PGM, AUX1, AUX2 and Multi Viewer) feature embedded audio</p>\r\n\r\n<p>Built-In 6-Channel Audio Mixing Function</p>\r\n\r\n<p>The integrated 6-channel audio mixing function features audio delay adjustment for lip synchronization. Mixing is assignable from any input</p>\r\n\r\n<p><br />\r\n<strong>Creative AUX MIX Function</strong></p>\r\n\r\n<p>AUX1 and AUX2 are usable as secondary PGM out with AUX MIX function. This enables you to create a mix transition from the program video to the next source, such as a camera input. Additionally, you are able to prepare program video via adjustment of parameters like effects and keys prior to the video being switched, then create a mix transition from an input source (assigned to AUX1 PVW or AUX2 PVW) to the prepared video. Performance is comparable to that of integrating an extra M / E row, and mix capability is available for both AUX1 and AUX2 outputs. This versatility enables you to select the AUX MIX function or 3 separate program outs and apply them to a broad array of system configurations and applications. Presentation example: Program out for speaker, AUX1 and AUX2 for PC sources and Video source. Live news: Switching Studio and Video feeds from Field via AUX MIX</p>\r\n\r\n<p><br />\r\n<strong>3D Mode</strong></p>\r\n\r\n<p>In 3D Mode, CUT or MIX functions are available to you in the form of background transitions or right- and left-eye signals. You can output 3D images as side-by-side signals</p>\r\n\r\n<p>Import Still Image Function Via USB</p>\r\n\r\n<p>Enjoy the ability to import TIFF / TGA images with alpha channels and BMP images from USB memory, via a USB port</p>\r\n\r\n<p>Input Freeze Function For Every Source</p>\r\n\r\n<p>Freeze-video is assignable to any cross point for use as a video input signal. You can export it from a USB port</p>\r\n\r\n<p><br />\r\n<strong>Snapshot Function</strong></p>\r\n\r\n<p>Enables you to save effect and key configurations for a particular scene, so you can quickly recall settings when you need them. Save as many as 20 snapshots</p>\r\n\r\n<p><br />\r\n<strong>Frame Memory System</strong></p>\r\n\r\n<p>Single-channel frame memory, with up to 12 still images capable of being stored</p>\r\n\r\n<p>Preset Effect Buttons</p>\r\n\r\n<p>Ten effect patterns are pre-assigned to the numeric buttons (0 to 9). These buttons simplify the application of effects to video</p>\r\n\r\n<p><br />\r\n<strong>Effect Patterns</strong></p>\r\n\r\n<p>Wipe (24 options), Mix, NAM (non-additive mix), Slide (8 options), Squeeze (11 options), Door (3D) (4 options), Frame In / Out (12 options), Flip Tumble (2 options), PinP (picture-in-picture), Mosaic, and Defocus 1</p>\r\n\r\n<p>Background / Keyer Transition</p>\r\n\r\n<p>Cut, Mix, Wipe, DME Wipe</p>\r\n\r\n<p>1 Keyer</p>\r\n\r\n<p>Luminance key, Linear key, Chroma key</p>\r\n\r\n<p><br />\r\n<strong>Application</strong></p>\r\n\r\n<p>Effectively employed in conjunction with other leading Sony products, such as HD / SD system cameras (HXC Series), SD system cameras (DXC Series), and camcorders (XDCAM EX Series and NXCAM Series). By setting up a system with these elements, you may easily create solutions for small-scale and full-scale live production<br />\r\n<br />\r\n<strong>Sony MCS-8M specs</strong></p>\r\n\r\n<table style=\"height:3344px; width:549px\">\r\n	<tbody>\r\n		<tr>\r\n			<td style=\"width:275px\">\r\n			<p>Video Formats</p>\r\n			</td>\r\n			<td style=\"width:228px\">\r\n			<p>HD mode: HD 1080 / 59.94i, 1080 / 50i, 720 / 59.94p, 720 / 50p<br />\r\n			SD mode: SD 480 / 59.94i, 576 / 50i</p>\r\n			</td>\r\n		</tr>\r\n		<tr>\r\n			<td style=\"width:275px\">\r\n			<p>Video Input</p>\r\n			</td>\r\n			<td style=\"width:228px\">\r\n			<p>HD mode:<br />\r\n			4x HD-SDI: BNC (SMPTE-292M, 299M, 259M-C, 272M-A)<br />\r\n			3x HDMI (Type A)<br />\r\n			1x DVI-I: SXGA, WXGA, XGA, HDTV60 (1080 / 60p), HDTV50 (1080 / 50p) with Frame Synchronizer<br />\r\n			SD mode:<br />\r\n			4x SD-SDI: BNC<br />\r\n			3x Composite: BNC<br />\r\n			1x DVI-I: SXGA, WXGA, XGA with Frame Synchronizer&nbsp;</p>\r\n			</td>\r\n		</tr>\r\n		<tr>\r\n			<td style=\"width:275px\">\r\n			<p>Video Output</p>\r\n			</td>\r\n			<td style=\"width:228px\">\r\n			<p>HD mode:<br />\r\n			4x HD-SDI: 1x PGM, 2x AUX, 1x Multi Viewer: BNC (SMPTE-292M, 299M, 259M-C, 272M-A)<br />\r\n			1x Multi Viewer DVI-D (WUXGA, HDTV, SXGA, WXGA, XGA)<br />\r\n			1x AUX DVI-D<br />\r\n			SD mode:<br />\r\n			4x SD-SDI: 1x PGM, 2x AUX, 1x Multi Viewer: BNC (SMPTE-292M, 299M, 259M-C, 272M-A)<br />\r\n			1x Multi Viewer DVI-D (SXGA, WXGA, XGA)<br />\r\n			1x AUX DVI-D<br />\r\n			1x Composite (AUX): BNC&nbsp;</p>\r\n			</td>\r\n		</tr>\r\n		<tr>\r\n			<td style=\"width:275px\">\r\n			<p>Audio Input</p>\r\n			</td>\r\n			<td style=\"width:228px\">\r\n			<p>4x SDI (Embedded)<br />\r\n			3x HDMI (Embedded)<br />\r\n			2x MIC / LINE (XLR / TRS combo: Balance)<br />\r\n			4x MIC / LINE (TRS phone: Balance)<br />\r\n			2x LINE (Phono jack: Unbalance)</p>\r\n			</td>\r\n		</tr>\r\n		<tr>\r\n			<td style=\"width:275px\">\r\n			<p>Audio Output</p>\r\n			</td>\r\n			<td style=\"width:228px\">\r\n			<p>3x SDI (Embedded)<br />\r\n			2x PGM (XLR: Balance)<br />\r\n			2x AUX (TRS phone: Balance)<br />\r\n			2x MON (TRS phone: Balance)<br />\r\n			2x MIX (Phono jack: Unbalance)<br />\r\n			1x Headphone (standard stereo)</p>\r\n			</td>\r\n		</tr>\r\n		<tr>\r\n			<td style=\"width:275px\">\r\n			<p>Delay</p>\r\n			</td>\r\n			<td style=\"width:228px\">\r\n			<p>Audio Delay Adjustment up to 7.5 frames&nbsp;</p>\r\n			</td>\r\n		</tr>\r\n		<tr>\r\n			<td style=\"width:275px\">\r\n			<p>Monitoring</p>\r\n			</td>\r\n			<td style=\"width:228px\">\r\n			<p>Audio monitoring function:<br />\r\n			Selected audio channel<br />\r\n			PGM, AUX1, AUX2 or MIX</p>\r\n			</td>\r\n		</tr>\r\n		<tr>\r\n			<td style=\"width:275px\">\r\n			<p>Reference Input</p>\r\n			</td>\r\n			<td style=\"width:228px\">\r\n			<p>HD mode:<br />\r\n			Analog black burst or Tri-level sync, loop through 75 &Omega;: BNC<br />\r\n			SD mode:<br />\r\n			Analog black burst, loop through 75 &Omega;: BNC</p>\r\n			</td>\r\n		</tr>\r\n		<tr>\r\n			<td style=\"width:275px\">\r\n			<p>Reference Output</p>\r\n			</td>\r\n			<td style=\"width:228px\">\r\n			<p>HD mode: Analog black burst or Tri-level sync, 75 &Omega;: BNC<br />\r\n			SD mode: Analog black burst, 75 &Omega;: BNC</p>\r\n			</td>\r\n		</tr>\r\n		<tr>\r\n			<td style=\"width:275px\">\r\n			<p>USB</p>\r\n			</td>\r\n			<td style=\"width:228px\">\r\n			<p>1x Type A</p>\r\n			</td>\r\n		</tr>\r\n		<tr>\r\n			<td style=\"width:275px\">\r\n			<p>Remote</p>\r\n			</td>\r\n			<td style=\"width:228px\">\r\n			<p>1x RS-232C: D-sub 9-pin (for switcher control from external devices)</p>\r\n			</td>\r\n		</tr>\r\n		<tr>\r\n			<td style=\"width:275px\">\r\n			<p>GPI Output</p>\r\n			</td>\r\n			<td style=\"width:228px\">\r\n			<p>1x D-sub 15-pin</p>\r\n			</td>\r\n		</tr>\r\n		<tr>\r\n			<td style=\"width:275px\">\r\n			<p>Controls</p>\r\n			</td>\r\n			<td style=\"width:228px\">\r\n			<p>Power switch<br />\r\n			6x Channel faders<br />\r\n			6x Channel on buttons<br />\r\n			6x Audio Access / PFL (pre fader listen) buttons<br />\r\n			6x Peak indicators<br />\r\n			6x Input signal indicators<br />\r\n			Dim button<br />\r\n			Audio monitor selection button<br />\r\n			Audio monitor level adjustment knob<br />\r\n			2x Audio level meters<br />\r\n			Program fader<br />\r\n			Menu display<br />\r\n			4x Adjustment knobs<br />\r\n			USB connector<br />\r\n			8x Menu selection buttons<br />\r\n			X-Y pointer<br />\r\n			Position button<br />\r\n			10x Numeric buttons<br />\r\n			Enter button<br />\r\n			Direct / Escape button<br />\r\n			Store button<br />\r\n			Snapshot button<br />\r\n			Effect button<br />\r\n			Key transition button<br />\r\n			Fade-to-black button<br />\r\n			Fader lever<br />\r\n			Cut button<br />\r\n			Auto-transition button<br />\r\n			2x Transition type selection buttons<br />\r\n			2x Next transition selection buttons<br />\r\n			4x Bus delegation buttons<br />\r\n			8x Program cross-point buttons<br />\r\n			8x Preset / KEY cross-point buttons</p>\r\n			</td>\r\n		</tr>\r\n		<tr>\r\n			<td style=\"width:275px\">\r\n			<p>Effect</p>\r\n			</td>\r\n			<td style=\"width:228px\">\r\n			<p>Transition (Fader, AUTO): MIX, WIPE, DME WIPE (including P in P) CUT</p>\r\n			</td>\r\n		</tr>\r\n		<tr>\r\n			<td style=\"width:275px\">\r\n			<p>DSK</p>\r\n			</td>\r\n			<td style=\"width:228px\">\r\n			<p>Chroma key, Luminance key, Linear Key</p>\r\n			</td>\r\n		</tr>\r\n		<tr>\r\n			<td style=\"width:275px\">\r\n			<p>Power Requirements</p>\r\n			</td>\r\n			<td style=\"width:228px\">\r\n			<p>AC 100 - 240 V, 50 / 60 Hz</p>\r\n			</td>\r\n		</tr>\r\n		<tr>\r\n			<td style=\"width:275px\">\r\n			<p>Power Consumption</p>\r\n			</td>\r\n			<td style=\"width:228px\">\r\n			<p>100 V: 0.7 A, 240 V: 0.3 A</p>\r\n			</td>\r\n		</tr>\r\n		<tr>\r\n			<td style=\"width:275px\">\r\n			<p>Operating Temperature</p>\r\n			</td>\r\n			<td style=\"width:228px\">\r\n			<p>41 - 104&deg; F (5.0 - 40&deg; C)</p>\r\n			</td>\r\n		</tr>\r\n		<tr>\r\n			<td style=\"width:275px\">\r\n			<p>Dimensions</p>\r\n			</td>\r\n			<td style=\"width:228px\">\r\n			<p>16.6 x 4.9 x 10.5&quot; (42.2 x 12.4 x 26.7 cm)</p>\r\n			</td>\r\n		</tr>\r\n		<tr>\r\n			<td style=\"width:275px\">\r\n			<p>Weight</p>\r\n			</td>\r\n			<td style=\"width:228px\">\r\n			<p>13.25 lb (6.01 kg)</p>\r\n			</td>\r\n		</tr>\r\n	</tbody>\r\n</table>\r\n\r\n<p>&nbsp;</p>\r\n\r\n<table style=\"height:234px; width:545px\">\r\n	<tbody>\r\n		<tr>\r\n			<td colspan=\"2\" style=\"width:541px\">\r\n			<p><a name=\"shipping\"></a>Packaging Info</p>\r\n			</td>\r\n		</tr>\r\n		<tr>\r\n			<td style=\"width:275px\">\r\n			<p>Package Weight</p>\r\n			</td>\r\n			<td style=\"width:224px\">\r\n			<p>15.35 lb</p>\r\n			</td>\r\n		</tr>\r\n		<tr>\r\n			<td style=\"width:275px\">\r\n			<p>Box Dimensions (LxWxH)</p>\r\n			</td>\r\n			<td style=\"width:224px\">\r\n			<p>21.0 x 15.12 x 10.14&quot;</p>\r\n			</td>\r\n		</tr>\r\n	</tbody>\r\n</table>\r\n', '2211201322105fba18aa93338.jpg', 230000, 0, 0, '2020-11-21 20:18:05', 0, '2020-11-26 18:36:16'),
(23, '', 'Sony PVMA170 17 นิ้ว Professional OLED Production Monitor', 6, 17, '', 'จอมอนิเตอร์ SONY', '', '<p><strong>PRODUCT HIGHLIGHTS</strong></p>\r\n\r\n<p>- 16.5&quot; Diagonal Screen Size</p>\r\n\r\n<p>- 10-Bit OLED with 1920 x 1080 Resolution</p>\r\n\r\n<p>- 3G-SDI, HDMI and Composite Inputs</p>\r\n\r\n<p>- Loop-Out for Both SDI Inputs</p>\r\n\r\n<p>- 89&deg; Angle of View at &gt; 10:1 Contrast</p>\r\n\r\n<p>- Black Pixels Switch Off Completely</p>\r\n\r\n<p>- OSD Waveform and Vector Scope</p>\r\n\r\n<p>- Recessed Rear Connectors</p>\r\n\r\n<p>- Serial and Parallel Remote Ports</p>\r\n\r\n<p>- Portable Design with Built-In Handle</p>\r\n\r\n<p>&nbsp; &nbsp; &nbsp; &nbsp; &nbsp;&nbsp;<strong>The Sony PVMA170</strong>&nbsp;17&quot; Professional OLED Production Monitor is suitable for both field and studio use. It features a 16.5&quot; diagonal OLED panel that has a native resolution of 1920 x 1080. Because of the OLED technology employed, each pixel can be switched completely off--unlike typical LCD displays--for a much closer approximation of true black. It can be connected to standard- and high-definition video sources via SDI or HDMI as well as analog standard-definition sources through composite.</p>\r\n\r\n<p>&nbsp; &nbsp; &nbsp; &nbsp; &nbsp; The PVMA170 features two SDI inputs with loop-out that support 3G-SDI, HD-SDI, and SD-SDI signals at resolutions up to 1080p60. In addition, 24 fps frame rates are supported, including 23.98p, 23.98Psf, 24p native, and 24Psf. It features an HDMI input that supports 1080p60, 24p, 23.98p, standard-definition, and a number of computer resolutions. A composite input with loop-out provides connectivity for standard-definition analog devices and is paired with a 3.5mm stereo mini jack audio input. A front panel 3.5mm headphone jack allows users to monitor embedded audio locally and there is also a 1W built-in speaker.</p>\r\n\r\n<p>&nbsp; &nbsp; &nbsp; &nbsp; &nbsp; Two Ethernet ports provide connectivity for serial and parallel remotes. Many third-party options can be used, as well as the Sony BKM-15R and BKM-16R. The monitor includes a removable desktop stand and is also compatible with standard VESA 100 x 100mm mounting hardware.</p>\r\n\r\n<p>&nbsp; &nbsp; &nbsp; &nbsp; &nbsp; In addition to taking 100 to 240 VAC power, the PVMA170 features a 4-pin XLR DC input. This allows it to be field powered using a 12 VDC source such as a professional video battery system.</p>\r\n\r\n<p><strong>Display Features</strong></p>\r\n\r\n<p><strong>Accurate Black Reproduction</strong></p>\r\n\r\n<p>Unlike many alternative display technologies, the OLED panel used in the PVMA170 features the ability to turn each pixel completely off so that no luminance signal is added to parts of the image recorded as black</p>\r\n\r\n<p><strong>Super Top Emission Technology</strong></p>\r\n\r\n<p>Designed to provide a wide color gamut with accurate color reproduction throughout the luminance range of the picture</p>\r\n\r\n<p><strong>Faster Response Time than LCD Panels</strong></p>\r\n\r\n<p>The gray-to-gray switching of the PVMA170 is faster than comparable LCD-based displays. This helps eliminate ghosting, motion blur (that is not naturally part of the scene), and other artifacts that reduce image quality</p>\r\n\r\n<p><strong>Wide Angle of View</strong></p>\r\n\r\n<p>Provides better off-axis viewing than many LCD-based alternatives, allowing users to accurately evaluate the image even if positioned off to the side. It features an 89&deg; viewing angle in all directions while the contrast ratio remains above 10:1.</p>\r\n\r\n<p><strong>Low-Latency Image Processing</strong></p>\r\n\r\n<p>The PVMA170&#39;s I/P conversion system delivers automatically optimized signal processing according to the input signal format, with a latency of less than 0.5 fields. This helps ensure fast-moving images stay in sync with the audio</p>\r\n\r\n<p><strong>On-Screen Display (OSD)</strong></p>\r\n\r\n<p><strong>Waveform Monitor and Vector Scope</strong></p>\r\n\r\n<p>Provides a built-in waveform and vector scope display so that users do not have to rely on dedicated equipment. Both displays can be magnified from 0 to 20% for detailed analysis, and within the waveform display the Line Select feature allows a specific portion of the image to be isolated. Level meters for two channels of embedded audio may also be displayed alongside the waveform or vector scope</p>\r\n\r\n<p><strong>Focus Assist with Color Peaking</strong></p>\r\n\r\n<p>An aperture level adjustment displays images with sharpened edges (peaking) to aid camera focus operation. In addition, the sharpened edges can be displayed in user-selectable colors (white, red, green, blue, and yellow) for increased visibility</p>\r\n\r\n<p><strong>Audio Level Indicator</strong></p>\r\n\r\n<p>Embedded audio levels can be displayed as stereo pairs or individual mono channels. Up to 16 channels can be selected at once</p>\r\n\r\n<p><strong>Closed Captions</strong></p>\r\n\r\n<p>OSD can display EIA 608 and EIA 708 captions</p>\r\n\r\n<p><strong>Additional Displays</strong></p>\r\n\r\n<p>Additional OSD features include: a tally overlay, video format overlay, and an on-screen menu system</p>\r\n\r\n<p><strong>General Features</strong></p>\r\n\r\n<p><strong>Emphasis on Portability</strong></p>\r\n\r\n<p>The PVMA170 is 40% slimmer than the previous generation and weighs in at 9.3 lb. In addition, a handle is built into the back to simplify transport</p>\r\n\r\n<p><strong>Recessed Connector Panel</strong></p>\r\n\r\n<p>The connectors do not protrude from the back of the monitor helping to ensure they will not be damaged during transport or if the monitor is laid flat</p>\r\n\r\n<p><strong>SPECIFICATIONS</strong></p>\r\n\r\n<table border=\"1\" style=\"width:423pt\">\r\n	<tbody>\r\n		<tr>\r\n			<td style=\"width:160.5pt\">\r\n			<p>Monitor Type</p>\r\n			</td>\r\n			<td>\r\n			<p>10-bit OLED</p>\r\n			</td>\r\n		</tr>\r\n		<tr>\r\n			<td style=\"width:160.5pt\">\r\n			<p>Screen Size</p>\r\n			</td>\r\n			<td>\r\n			<p>16.5&quot;</p>\r\n			</td>\r\n		</tr>\r\n		<tr>\r\n			<td style=\"width:160.5pt\">\r\n			<p>Viewable Area</p>\r\n			</td>\r\n			<td>\r\n			<p>14.5 x 8.1&quot; / 366 x 206 mm</p>\r\n			</td>\r\n		</tr>\r\n		<tr>\r\n			<td style=\"width:160.5pt\">\r\n			<p>Resolution</p>\r\n			</td>\r\n			<td>\r\n			<p>1920 x 1080</p>\r\n			</td>\r\n		</tr>\r\n		<tr>\r\n			<td style=\"width:160.5pt\">\r\n			<p>Aspect Ratio</p>\r\n			</td>\r\n			<td>\r\n			<p>16:9 native - also supports 4:3</p>\r\n			</td>\r\n		</tr>\r\n		<tr>\r\n			<td style=\"width:160.5pt\">\r\n			<p>Viewing Angle</p>\r\n			</td>\r\n			<td>\r\n			<p>89&deg; up / 89&deg; down / 89&deg; left / 89&deg; right - typical; contrast &gt; 10:1</p>\r\n			</td>\r\n		</tr>\r\n		<tr>\r\n			<td style=\"width:160.5pt\">\r\n			<p>Inputs</p>\r\n			</td>\r\n			<td>\r\n			<p>2 x SDI on BNC female<br />\r\n			1 x HDMI - HDCP support<br />\r\n			1 x Composite on BNC female<br />\r\n			1 x Analog audio on stereo 3.5 mm mini jack</p>\r\n			</td>\r\n		</tr>\r\n		<tr>\r\n			<td style=\"width:160.5pt\">\r\n			<p>Outputs</p>\r\n			</td>\r\n			<td>\r\n			<p>2 x SDI loop-out on BNC female<br />\r\n			1 x Composite loop-out on BNC female<br />\r\n			1 x Analog Audio on 3.5 mm mini jack<br />\r\n			1 x Headphone on 3.5 mm mini jack<br />\r\n			1 x 1.0 W speaker</p>\r\n			</td>\r\n		</tr>\r\n		<tr>\r\n			<td style=\"width:160.5pt\">\r\n			<p>Remote Control</p>\r\n			</td>\r\n			<td>\r\n			<p>1 x Parallel remote port on RJ-45 connector<br />\r\n			1 x Serial remote port on RJ-45 connector<br />\r\n			Supports: Optional BKM 15R and / or BKM 16R remotes</p>\r\n			</td>\r\n		</tr>\r\n		<tr>\r\n			<td style=\"width:160.5pt\">\r\n			<p>SDI Standards</p>\r\n			</td>\r\n			<td>\r\n			<p>3G-SDI (SMPTE 425M), HD-SDI (SMPTE 292M), SD-SDI (SMPTE 259M)</p>\r\n			</td>\r\n		</tr>\r\n		<tr>\r\n			<td style=\"width:160.5pt\">\r\n			<p>Supported Resolutions</p>\r\n			</td>\r\n			<td>\r\n			<p>SDI, HDMI, Composite: 720 x 480 at 60i; 720 x 576 at 50i<br />\r\n			SDI and HDMI: 1920 x 1080 at 60p, 60i, 24p, 23.98p; 1280 x 720 at 50 or 60&nbsp;Hz<br />\r\n			SDI Only: 24Psf, 23.98Psf<br />\r\n			HDMI Only: 1280 x 1024, 1280 x 768, 1360 x 768, 640 x 480 - for computer sources</p>\r\n			</td>\r\n		</tr>\r\n		<tr>\r\n			<td style=\"width:160.5pt\">\r\n			<p>Format Support</p>\r\n			</td>\r\n			<td>\r\n			<p>Composite: NTSC or PAL<br />\r\n			Digital RGB: 720p, 1080i, 1080p<br />\r\n			Digital Y Pb Pr: 720p, 1080i, 1080p<br />\r\n			Digital Y R-Y B-Y: 525 line or 625 line</p>\r\n			</td>\r\n		</tr>\r\n		<tr>\r\n			<td style=\"width:160.5pt\">\r\n			<p>Closed Caption Support</p>\r\n			</td>\r\n			<td>\r\n			<p>Displays EIA 608, and EIA 708 captions</p>\r\n			</td>\r\n		</tr>\r\n		<tr>\r\n			<td style=\"width:160.5pt\">\r\n			<p>Operating Temperature</p>\r\n			</td>\r\n			<td>\r\n			<p>32 to 95&deg;F / 0 to 35&deg;:C</p>\r\n			</td>\r\n		</tr>\r\n		<tr>\r\n			<td style=\"width:160.5pt\">\r\n			<p>Storage Temperature</p>\r\n			</td>\r\n			<td>\r\n			<p>-4 to 140&deg;F / -20 to 60&deg;C</p>\r\n			</td>\r\n		</tr>\r\n		<tr>\r\n			<td style=\"width:160.5pt\">\r\n			<p>Humidity</p>\r\n			</td>\r\n			<td>\r\n			<p>0 to 90%</p>\r\n			</td>\r\n		</tr>\r\n		<tr>\r\n			<td style=\"width:160.5pt\">\r\n			<p>Pressure Tolerance</p>\r\n			</td>\r\n			<td>\r\n			<p>700 hPa to 1060 hPa</p>\r\n			</td>\r\n		</tr>\r\n		<tr>\r\n			<td style=\"width:160.5pt\">\r\n			<p>Power Requirements</p>\r\n			</td>\r\n			<td>\r\n			<p>AC Power Adapter: 100 to 240 VAC (0.9 to 0.5 A) / 50 or 60 Hz<br />\r\n			DC Source: 12 to 16 VDC -- via 4-pin XLR</p>\r\n			</td>\r\n		</tr>\r\n		<tr>\r\n			<td style=\"width:160.5pt\">\r\n			<p>Power Consumption</p>\r\n			</td>\r\n			<td>\r\n			<p>Maximum: 75 W<br />\r\n			Typical: 60 W</p>\r\n			</td>\r\n		</tr>\r\n		<tr>\r\n			<td style=\"width:160.5pt\">\r\n			<p>VESA Compatibility</p>\r\n			</td>\r\n			<td>\r\n			<p>100 x 100 mm</p>\r\n			</td>\r\n		</tr>\r\n		<tr>\r\n			<td style=\"width:160.5pt\">\r\n			<p>Dimensions (WxHxD)</p>\r\n			</td>\r\n			<td>\r\n			<p>With Stand: 17.3 x 11.9 x 6.5&quot; / 43.8 x 30.2 x 16.5 cm<br />\r\n			Without Stand: 17.3 x 10.8 x 2.6&quot; / 43.8 x 27.3 x 6.6 cm</p>\r\n			</td>\r\n		</tr>\r\n		<tr>\r\n			<td style=\"width:160.5pt\">\r\n			<p>Weight</p>\r\n			</td>\r\n			<td>\r\n			<p>9.3 lb / 4.2 kg</p>\r\n			</td>\r\n		</tr>\r\n	</tbody>\r\n</table>\r\n', '2211201323235fba18f37cf81.jpg', 172000, 0, 0, '2020-11-21 20:18:07', 0, '2020-11-26 18:36:45'),
(25, '', 'Sony PVMA250 25 นิ้ว Professional OLED Production Monitor', 6, 17, '', 'จอมอนิเตอร์ SONY', '', '<p><strong>PRODUCT HIGHLIGHTS</strong></p>\r\n\r\n<p>- 24.5&quot; Diagonal Screen Size</p>\r\n\r\n<p>- 10-Bit OLED with 1920 x 1080 Resolution</p>\r\n\r\n<p>- 3G-SDI, HDMI and Composite Inputs</p>\r\n\r\n<p>- Loop-Out for Both SDI Inputs</p>\r\n\r\n<p>- 89&deg; Angle of View at &gt; 10:1 Contrast</p>\r\n\r\n<p>- Black Pixels Switch Off Completely</p>\r\n\r\n<p>- OSD Waveform and Vector Scope</p>\r\n\r\n<p>- Recessed Rear Connectors</p>\r\n\r\n<p>- Serial and Parallel Remote Ports</p>\r\n\r\n<p>- Portable Design with Built-In Handle</p>\r\n\r\n<p>&nbsp; &nbsp; &nbsp; &nbsp; &nbsp; The Sony PVMA250 25&quot; Professional OLED Production Monitor is suitable for both field and studio use. It features a 24.5&quot; diagonal OLED panel that has a native resolution of 1920 x 1080. Because of the OLED technology employed, each pixel can be switched completely off--unlike typical LCD displays--for a much closer approximation of true black. It can be connected to standard- and high-definition video sources via SDI or HDMI as well as analog standard-definition sources through composite.</p>\r\n\r\n<p>&nbsp; &nbsp; &nbsp; &nbsp; &nbsp; &nbsp;The PVMA250 features two SDI inputs with loop-out that support 3G-SDI, HD-SDI, and SD-SDI signals at resolutions up to 1080p60. In addition, 24 fps frame rates are supported, including 23.98p, 23.98Psf, 24p native, and 24Psf. It features an HDMI input that supports 1080p60, 24p, 23.98p, standard-definition, and a number of computer resolutions. A composite input with loop-out provides connectivity for standard-definition analog devices and is paired with a 3.5mm stereo mini jack audio input. A front panel 3.5mm headphone jack allows users to monitor embedded audio locally and there is also a 1W built-in speaker.</p>\r\n\r\n<p>&nbsp; &nbsp; &nbsp; &nbsp; &nbsp; &nbsp; Two Ethernet ports provide connectivity for serial and parallel remotes. Many third-party options can be used, as well as the Sony BKM-15R and BKM-16R. The monitor includes a removable desktop stand and is also compatible with standard VESA 100 x 100mm mounting hardware.</p>\r\n\r\n<p><strong>Display Features</strong></p>\r\n\r\n<p><strong>Accurate Black Reproduction</strong></p>\r\n\r\n<p>Unlike many alternative display technologies, the OLED panel used in the PVMA250 features the ability to turn each pixel completely off so that no luminance signal is added to parts of the image recorded as black</p>\r\n\r\n<p><strong>Super Top Emission Technology</strong></p>\r\n\r\n<p>Designed to provide a wide color gamut with accurate color reproduction throughout the luminance range of the picture</p>\r\n\r\n<p><strong>Faster Response Time than LCD Panels</strong></p>\r\n\r\n<p>The gray-to-gray switching of the PVMA250 is faster than comparable LCD-based displays. This helps eliminate ghosting, motion blur (that is not naturally part of the scene), and other artifacts that reduce image quality</p>\r\n\r\n<p><strong>Wide Angle of View</strong></p>\r\n\r\n<p>Provides better off-axis viewing than many LCD-based alternatives, allowing users to accurately evaluate the image even if positioned off to the side. It features an 89&deg; viewing angle in all directions while the contrast ratio remains above 10:1.</p>\r\n\r\n<p><strong>Low-Latency Image Processing</strong></p>\r\n\r\n<p>The PVMA250&#39;s I/P conversion system delivers automatically optimized signal processing according to the input signal format, with a latency of less than 0.5 fields. This helps ensure fast-moving images stay in sync with the audio</p>\r\n\r\n<p><strong>On-Screen Display (OSD)</strong></p>\r\n\r\n<p><strong>Waveform Monitor and Vector Scope</strong></p>\r\n\r\n<p>Provides a built-in waveform and vector scope display so that users do not have to rely on dedicated equipment. Both displays can be magnified from 0 to 20% for detailed analysis, and within the waveform display the Line Select feature allows a specific portion of the image to be isolated. Level meters for two channels of embedded audio may also be displayed alongside the waveform or vector scope</p>\r\n\r\n<p><strong>Focus Assist with Color Peaking</strong></p>\r\n\r\n<p>An aperture level adjustment displays images with sharpened edges (peaking) to aid camera focus operation. In addition, the sharpened edges can be displayed in user-selectable colors (white, red, green, blue, and yellow) for increased visibility</p>\r\n\r\n<p><strong>Audio Level Indicator</strong></p>\r\n\r\n<p>Embedded audio levels can be displayed as stereo pairs or individual mono channels. Up to 16 channels can be selected at once</p>\r\n\r\n<p><strong>Closed Captions</strong></p>\r\n\r\n<p>OSD can display EIA 608 and EIA 708 captions</p>\r\n\r\n<p><strong>Additional Displays</strong></p>\r\n\r\n<p>Additional OSD features include: a tally overlay, video format overlay, and an on-screen menu system</p>\r\n\r\n<p><strong>General Features</strong></p>\r\n\r\n<p><strong>Emphasis on Portability</strong></p>\r\n\r\n<p>The PVMA250 is 40% slimmer than the previous generation and weighs in at 13.4 lb. In addition, a handle is built into the back to simplify transport</p>\r\n\r\n<p><strong>Recessed Connector Panel</strong></p>\r\n\r\n<p>The connectors do not protrude from the back of the monitor helping to ensure they will not be damaged during transport or if the monitor is laid flat</p>\r\n\r\n<p><strong>SPECIFICATION</strong></p>\r\n\r\n<table border=\"1\" style=\"width:423pt\">\r\n	<tbody>\r\n		<tr>\r\n			<td style=\"width:160.5pt\">\r\n			<p>Monitor Type</p>\r\n			</td>\r\n			<td>\r\n			<p>10-bit OLED</p>\r\n			</td>\r\n		</tr>\r\n		<tr>\r\n			<td style=\"width:160.5pt\">\r\n			<p>Screen Size</p>\r\n			</td>\r\n			<td>\r\n			<p>24.5&quot;</p>\r\n			</td>\r\n		</tr>\r\n		<tr>\r\n			<td style=\"width:160.5pt\">\r\n			<p>Viewable Area</p>\r\n			</td>\r\n			<td>\r\n			<p>21.5 x 12.1&quot; / 543 x 306 mm</p>\r\n			</td>\r\n		</tr>\r\n		<tr>\r\n			<td style=\"width:160.5pt\">\r\n			<p>Resolution</p>\r\n			</td>\r\n			<td>\r\n			<p>1920 x 1080</p>\r\n			</td>\r\n		</tr>\r\n		<tr>\r\n			<td style=\"width:160.5pt\">\r\n			<p>Aspect Ratio</p>\r\n			</td>\r\n			<td>\r\n			<p>16:9 native - also supports 4:3</p>\r\n			</td>\r\n		</tr>\r\n		<tr>\r\n			<td style=\"width:160.5pt\">\r\n			<p>Viewing Angle</p>\r\n			</td>\r\n			<td>\r\n			<p>89&deg; up / 89&deg; down / 89&deg; left / 89&deg; right - typical; contrast &gt; 10:1</p>\r\n			</td>\r\n		</tr>\r\n		<tr>\r\n			<td style=\"width:160.5pt\">\r\n			<p>Inputs</p>\r\n			</td>\r\n			<td>\r\n			<p>2 x SDI on BNC female<br />\r\n			1 x HDMI - HDCP support<br />\r\n			1 x Composite on BNC female<br />\r\n			1 x Analog audio on stereo 3.5 mm mini jack</p>\r\n			</td>\r\n		</tr>\r\n		<tr>\r\n			<td style=\"width:160.5pt\">\r\n			<p>Outputs</p>\r\n			</td>\r\n			<td>\r\n			<p>2 x SDI loop-out on BNC female<br />\r\n			1 x Composite loop-out on BNC female<br />\r\n			1 x Analog Audio on 3.5 mm mini jack<br />\r\n			1 x Headphone on 3.5 mm mini jack<br />\r\n			1 x 1.0 W speaker</p>\r\n			</td>\r\n		</tr>\r\n		<tr>\r\n			<td style=\"width:160.5pt\">\r\n			<p>Remote Control</p>\r\n			</td>\r\n			<td>\r\n			<p>1 x Parallel remote port on RJ-45 connector<br />\r\n			1 x Serial remote port on RJ-45 connector<br />\r\n			Supports: Optional BKM 15R and / or BKM 16R remotes</p>\r\n			</td>\r\n		</tr>\r\n		<tr>\r\n			<td style=\"width:160.5pt\">\r\n			<p>SDI Standards</p>\r\n			</td>\r\n			<td>\r\n			<p>3G-SDI (SMPTE 425M), HD-SDI (SMPTE 292M), SD-SDI (SMPTE 259M)</p>\r\n			</td>\r\n		</tr>\r\n		<tr>\r\n			<td style=\"width:160.5pt\">\r\n			<p>Supported Resolutions</p>\r\n			</td>\r\n			<td>\r\n			<p>SDI, HDMI, Composite: 720 x 480 at 60i; 720 x 576 at 50i<br />\r\n			SDI and HDMI: 1920 x 1080 at 60p, 60i, 24p, 23.98p; 1280 x 720 at 50 or 60&nbsp;Hz<br />\r\n			SDI Only: 24Psf, 23.98Psf<br />\r\n			HDMI Only: 1280 x 1024, 1280 x 768, 1360 x 768, 640 x 480 - for computer sources</p>\r\n			</td>\r\n		</tr>\r\n		<tr>\r\n			<td style=\"width:160.5pt\">\r\n			<p>Format Support</p>\r\n			</td>\r\n			<td>\r\n			<p>Composite: NTSC or PAL<br />\r\n			Digital RGB: 720p, 1080i, 1080p<br />\r\n			Digital Y Pb Pr: 720p, 1080i, 1080p<br />\r\n			Digital Y R-Y B-Y: 525 line or 625 line</p>\r\n			</td>\r\n		</tr>\r\n		<tr>\r\n			<td style=\"width:160.5pt\">\r\n			<p>Closed Caption Support</p>\r\n			</td>\r\n			<td>\r\n			<p>Displays EIA 608, and EIA 708 captions</p>\r\n			</td>\r\n		</tr>\r\n		<tr>\r\n			<td style=\"width:160.5pt\">\r\n			<p>Operating Temperature</p>\r\n			</td>\r\n			<td>\r\n			<p>32 to 95&deg;F / 0 to 35&deg;:C</p>\r\n			</td>\r\n		</tr>\r\n		<tr>\r\n			<td style=\"width:160.5pt\">\r\n			<p>Storage Temperature</p>\r\n			</td>\r\n			<td>\r\n			<p>-4 to 140&deg;F / -20 to 60&deg;C</p>\r\n			</td>\r\n		</tr>\r\n		<tr>\r\n			<td style=\"width:160.5pt\">\r\n			<p>Humidity</p>\r\n			</td>\r\n			<td>\r\n			<p>0 to 90%</p>\r\n			</td>\r\n		</tr>\r\n		<tr>\r\n			<td style=\"width:160.5pt\">\r\n			<p>Pressure Tolerance</p>\r\n			</td>\r\n			<td>\r\n			<p>700 hPa to 1060 hPa</p>\r\n			</td>\r\n		</tr>\r\n		<tr>\r\n			<td style=\"width:160.5pt\">\r\n			<p>Power Requirements</p>\r\n			</td>\r\n			<td>\r\n			<p>AC Power Adapter: 100 to 240 VAC (1.3 to 0.6 A) / 50 or 60 Hz</p>\r\n			</td>\r\n		</tr>\r\n		<tr>\r\n			<td style=\"width:160.5pt\">\r\n			<p>Power Consumption</p>\r\n			</td>\r\n			<td>\r\n			<p>Maximum: 115 W<br />\r\n			Typical: 80 W</p>\r\n			</td>\r\n		</tr>\r\n		<tr>\r\n			<td style=\"width:160.5pt\">\r\n			<p>VESA Compatibility</p>\r\n			</td>\r\n			<td>\r\n			<p>100 x 100 mm</p>\r\n			</td>\r\n		</tr>\r\n		<tr>\r\n			<td style=\"width:160.5pt\">\r\n			<p>Dimensions (WxHxD)</p>\r\n			</td>\r\n			<td>\r\n			<p>With Stand: 23.8 x 16.1 x 6.5&quot; / 60.5 x 40.9 x 16.5 cm<br />\r\n			Without Stand: 23.8 x 15.3 x 2.6&quot; / 60.5 x 38.7 x 6.6 cm</p>\r\n			</td>\r\n		</tr>\r\n		<tr>\r\n			<td style=\"width:160.5pt\">\r\n			<p>Weight</p>\r\n			</td>\r\n			<td>\r\n			<p>13.4 lb / 6.1 kg</p>\r\n			</td>\r\n		</tr>\r\n	</tbody>\r\n</table>\r\n', '2211201324105fba192280c05.jpg', 260000, 0, 0, '2020-11-21 20:18:09', 0, '2020-11-26 18:37:05'),
(26, '', 'เลนส์ Zeiss Compact Prime ขนาด CP.2 15mm/T2.9 EF Mount', 2, 2, '', 'ZIESS CP', '', '<p><strong>PRODUCT HIGHLIGHTS</strong></p>\r\n\r\n<p>- Super Wide Distagon 15mm Cine Prime Lens</p>\r\n\r\n<p>- EF Mount</p>\r\n\r\n<p>- Body Markings in Feet</p>\r\n\r\n<p>- T2.9 with 14 High-Precision Iris Blades</p>\r\n\r\n<p>- Extremely Minimal Distortion</p>\r\n\r\n<p>- Full Frame Coverage of 24 x 36 Sensors</p>\r\n\r\n<p>- Interchangeable Mount System</p>\r\n\r\n<p>- 300&deg; Manual Focus Rotation</p>\r\n\r\n<p>- Razor-Sharp Edge to Edge</p>\r\n\r\n<p>- Precise Horizontal/Vertical Line Capture</p>\r\n\r\n<p><strong>&nbsp;</strong></p>\r\n\r\n<p><strong>สเปคทั่วไปของเลนส์ Zeiss 15mm</strong></p>\r\n\r\n<p>Mount Type EF mount</p>\r\n\r\n<p>Lens Body Markings In imperial measurements (feet)</p>\r\n\r\n<p>Focal Length 15 mm</p>\r\n\r\n<p>Aperture T2.9 -22</p>\r\n\r\n<p>Close Focus Distance From image plane: 12&quot; (.3 m)</p>\r\n\r\n<p>Angle of View 79&deg;</p>\r\n\r\n<p>Focus Rotation 300&deg;</p>\r\n\r\n<p>Iris Blades 14</p>\r\n\r\n<p>Housing Cine-style</p>\r\n\r\n<p>Weight 2 lbs (.9 kg)</p>\r\n\r\n<p>&nbsp;</p>\r\n\r\n<p><img src=\"https://fv.lnwfile.com/_/fv/_raw/b9/no/qv.jpg\" /></p>\r\n', '2211201325205fba1968df5a4.jpg', 168000, 0, 0, '2020-11-21 20:18:11', 0, '2020-11-26 18:38:04'),
(27, '', 'เลนส์ Zeiss CP.3 15mm T2.9 Compact Prime Lens (PL Mount, Feet)', 2, 2, '', 'ZIESS CP', '', '<p><strong>PRODUCT HIGHLIGHTS</strong></p>\r\n\r\n<ul>\r\n	<li>Covers Full-Frame Format</li>\r\n	<li>PL Mount</li>\r\n	<li>T2.9 to T22 Aperture Range</li>\r\n	<li>Geared Focus and Iris Control Rings</li>\r\n	<li>Clickless Iris Ring</li>\r\n	<li>14-Blade Iris</li>\r\n	<li>Classic Zeiss Image Rendering</li>\r\n	<li>Improved Ergonomics Over Last-Gen CP.2</li>\r\n	<li>New Lens Coatings for Enhanced Contrast</li>\r\n	<li>Lens Scale Marked in Feet</li>\r\n</ul>\r\n\r\n<p>&nbsp;</p>\r\n\r\n<p>Building on the success of the well-regarded CP.2 lenses, Zeiss&#39;s CP.3 Compact Prime Lenses offer the same full-frame sensor coverage and classic Zeiss look in an updated form factor and with improved mechanics and lens coatings. This 15mm Compact Prime lens is derived from the same classic optical formula as the preceding CP.2 variant and shares the same physical length as the 18, 21, 25, 28, 35, 50, and 85mm CP.3 lenses while maintaining identical focus and iris gear positioning with the entire set of CP.3 lenses, relative to the mount. All CP.3 lenses also share the same 95mm front diameter. Similar physical attributes across the lens line makes fitting lens accessories such as matte boxes, follow focuses, lens supports, and lens control motors easier and less time consuming.<br />\r\n&nbsp;</p>\r\n\r\n<p>Another feature handed down from the preceding CP.2 lenses is the interchangeable mounts. This lens comes with an PL mount installed. Though, if you wish to fit your CP.3 lens to a different camera, the lens mount can be swapped by the user for a separately available mount of a different kind. If you like the bokeh in your images to be round, even after stopping down, you will be pleased to know that the 14-bladed iris, made famous by the CP.2 lenses, has been retained.<br />\r\n&nbsp;</p>\r\n\r\n<p>Note: While the CP.3 lenses are designed for a degree of user-serviceability regarding the mount, for ideal performance and calibration, B&amp;H recommends that mount swaps and other lens adjustments be done by a trained lens technician at a service center.<br />\r\n&nbsp;</p>\r\n\r\n<p><strong>Signature Zeiss Look</strong></p>\r\n\r\n<p>Zeiss lenses are known for their clean and crisp image rendering. The CP.3 series of lenses is no different. This CP.3 lens will accurately color-match to other Zeiss cinema lenses inside and out of the CP.3 range. The CP.3 lenses feature improved lens coatings and anti-reflection masking over the CP.2 range for increased contrast and reduced flare, important for capturing content with the intent of an HDR-format release.<br />\r\n&nbsp;</p>\r\n\r\n<p><strong>New Ergonomic Design</strong></p>\r\n\r\n<p>For enhanced ergonomics over the previous-generation CP.2 lenses, the CP.3 lens barrel has been reshaped to be more similar to the renowned Zeiss Ultra Prime lenses. This new shape is easier to handle, and takes up less physical space than the original Compact Prime design. An even weight distribution ensures that these lenses will be at home handheld, locked down on a tripod, or flown on a Steadicam or motorized gimbal.<br />\r\n<br />\r\n<strong>SPECIFICATIONS</strong><br />\r\n<strong><strong>CP.3 15mm T2.9 Compact Prime Lens</strong></strong><br />\r\n&nbsp;</p>\r\n\r\n<table>\r\n	<tbody>\r\n		<tr>\r\n			<td>Mount</td>\r\n			<td>PL</td>\r\n		</tr>\r\n		<tr>\r\n			<td>Focal Length</td>\r\n			<td>15mm</td>\r\n		</tr>\r\n		<tr>\r\n			<td>Aperture</td>\r\n			<td>T2.9 to T22</td>\r\n		</tr>\r\n		<tr>\r\n			<td>Close Focus Distance</td>\r\n			<td>12&quot; / 30 cm</td>\r\n		</tr>\r\n		<tr>\r\n			<td>Image Circle</td>\r\n			<td>43.2 mm</td>\r\n		</tr>\r\n		<tr>\r\n			<td>Focus Rotation</td>\r\n			<td>300&deg;</td>\r\n		</tr>\r\n		<tr>\r\n			<td>Iris Blades</td>\r\n			<td>15</td>\r\n		</tr>\r\n		<tr>\r\n			<td>Front Lens Diameter</td>\r\n			<td>95 mm</td>\r\n		</tr>\r\n		<tr>\r\n			<td>Focus Scales</td>\r\n			<td>Feet</td>\r\n		</tr>\r\n		<tr>\r\n			<td>Length</td>\r\n			<td>3.3&quot; / 83.7 mm</td>\r\n		</tr>\r\n		<tr>\r\n			<td>Weight</td>\r\n			<td>1.9 lb / 0.87 kg</td>\r\n		</tr>\r\n	</tbody>\r\n</table>\r\n\r\n<p>&nbsp;</p>\r\n\r\n<p><img src=\"https://fv.lnwfile.com/_/fv/_raw/12/ex/rp.jpg\" /></p>\r\n', '2211201326075fba199732efb.jpg', 208000, 0, 0, '2020-11-21 20:18:13', 0, '2020-11-26 18:38:31');

-- --------------------------------------------------------

--
-- Table structure for table `tb_product_line_up`
--

CREATE TABLE `tb_product_line_up` (
  `product_line_up_id` int(11) NOT NULL,
  `product_line_up_name` varchar(100) COLLATE utf8_unicode_ci NOT NULL,
  `product_type_id` int(11) NOT NULL
) ENGINE=InnoDB DEFAULT CHARSET=utf8 COLLATE=utf8_unicode_ci;

--
-- Dumping data for table `tb_product_line_up`
--

INSERT INTO `tb_product_line_up` (`product_line_up_id`, `product_line_up_name`, `product_type_id`) VALUES
(1, 'Lens Canon', 2),
(2, 'Lens Zeiss', 2),
(3, 'SAMYANG', 2),
(7, 'กล้อง DSLR SONY', 3),
(8, 'กล้อง DSLR PANASONIC', 3),
(9, 'กล้อง DSLR CANON', 3),
(10, 'กล้อง DSLR NIKON', 3),
(13, 'ขาตั้งกล้องวีดีโอ LIBEC', 4),
(14, 'ขาตั้งกล้องวีดีโอ Manfrotto', 4),
(15, 'Switcher Sony', 5),
(16, 'Switcher Panasonic', 5),
(17, 'จอมอนิเตอร์ SONY', 6),
(18, 'จอมอนิเตอร์ Panasonic', 6),
(19, 'จอมอนิเตอร์ Lilliput', 6),
(20, 'จอมอนิเตอร์ Atomos', 6),
(21, 'จอมอนิเตอร์ Swit', 6),
(22, 'Sony', 7),
(23, 'Gopro', 7),
(46, 'กล้องวีดีโอ SONY ', 1);

-- --------------------------------------------------------

--
-- Table structure for table `tb_product_type`
--

CREATE TABLE `tb_product_type` (
  `product_type_id` int(11) NOT NULL,
  `product_type_name` varchar(100) COLLATE utf8_unicode_ci NOT NULL
) ENGINE=InnoDB DEFAULT CHARSET=utf8 COLLATE=utf8_unicode_ci;

--
-- Dumping data for table `tb_product_type`
--

INSERT INTO `tb_product_type` (`product_type_id`, `product_type_name`) VALUES
(1, 'Camera Camcorder'),
(2, 'Lens'),
(3, 'DSLR Camera'),
(4, 'Tripod / Monopod'),
(5, 'Video Switcher'),
(6, 'Monitor'),
(7, 'Action Camera'),
(8, 'Wireless Microphone'),
(9, 'Wireless Video'),
(10, 'Converter'),
(11, 'Accessory'),
(12, 'Projector'),
(13, 'Projector Screen'),
(14, 'Wireless Intercom'),
(15, 'Equipment for Streaming');

-- --------------------------------------------------------

--
-- Table structure for table `tb_software`
--

CREATE TABLE `tb_software` (
  `software_id` int(11) NOT NULL,
  `software_name` varchar(100) COLLATE utf8_unicode_ci NOT NULL,
  `software_file` varchar(200) COLLATE utf8_unicode_ci NOT NULL,
  `software_description_en` text COLLATE utf8_unicode_ci NOT NULL,
  `software_type_id` int(11) NOT NULL,
  `product_type_id` int(11) NOT NULL,
  `list_no` int(11) NOT NULL,
  `addby` int(11) NOT NULL,
  `adddate` datetime NOT NULL,
  `updateby` int(11) NOT NULL,
  `lastupdate` datetime NOT NULL
) ENGINE=InnoDB DEFAULT CHARSET=utf8 COLLATE=utf8_unicode_ci;

--
-- Dumping data for table `tb_software`
--

INSERT INTO `tb_software` (`software_id`, `software_name`, `software_file`, `software_description_en`, `software_type_id`, `product_type_id`, `list_no`, `addby`, `adddate`, `updateby`, `lastupdate`) VALUES
(1, 'Auto Tracking Software Key', '', '90-day Free Trial', 1, 2, 0, 0, '0000-00-00 00:00:00', 0, '0000-00-00 00:00:00'),
(3, 'PTZ Control Center', 'screencapture-localhost-mib-software-html-2020-11-06-11_45_45.png', '', 1, 2, 0, 0, '2020-11-08 23:09:18', 0, '0000-00-00 00:00:00'),
(7, 'CAC File for System Camera	', 'mib 7-11-2020.sql', '', 1, 3, 0, 0, '2020-11-10 20:51:00', 0, '0000-00-00 00:00:00'),
(11, 'ฟหกฟหก', 'screencapture-localhost-mib-software-html-2020-11-06-11_45_45.png', '', 1, 15, 0, 0, '2020-11-26 20:11:47', 0, '0000-00-00 00:00:00'),
(12, 'ฟหก', 'xampp-windows-x64-7.4.11-0-VC15-installer.exe', '', 1, 3, 0, 0, '2020-11-26 20:25:25', 0, '0000-00-00 00:00:00');

-- --------------------------------------------------------

--
-- Table structure for table `tb_software_type`
--

CREATE TABLE `tb_software_type` (
  `software_type_id` int(11) NOT NULL,
  `software_type_name` varchar(100) COLLATE utf8_unicode_ci NOT NULL
) ENGINE=InnoDB DEFAULT CHARSET=utf8 COLLATE=utf8_unicode_ci;

--
-- Dumping data for table `tb_software_type`
--

INSERT INTO `tb_software_type` (`software_type_id`, `software_type_name`) VALUES
(1, 'Free'),
(2, 'Chargeable');

-- --------------------------------------------------------

--
-- Table structure for table `tb_user`
--

CREATE TABLE `tb_user` (
  `user_id` int(11) NOT NULL,
  `user_username` varchar(45) COLLATE utf8_unicode_ci NOT NULL,
  `user_password` varchar(45) COLLATE utf8_unicode_ci NOT NULL
) ENGINE=InnoDB DEFAULT CHARSET=utf8 COLLATE=utf8_unicode_ci;

--
-- Dumping data for table `tb_user`
--

INSERT INTO `tb_user` (`user_id`, `user_username`, `user_password`) VALUES
(1, 'admin', '12345');

--
-- Indexes for dumped tables
--

--
-- Indexes for table `tb_hero`
--
ALTER TABLE `tb_hero`
  ADD PRIMARY KEY (`hero_id`);

--
-- Indexes for table `tb_link`
--
ALTER TABLE `tb_link`
  ADD PRIMARY KEY (`link_id`);

--
-- Indexes for table `tb_news`
--
ALTER TABLE `tb_news`
  ADD PRIMARY KEY (`news_id`);

--
-- Indexes for table `tb_product`
--
ALTER TABLE `tb_product`
  ADD PRIMARY KEY (`product_id`);

--
-- Indexes for table `tb_product_line_up`
--
ALTER TABLE `tb_product_line_up`
  ADD PRIMARY KEY (`product_line_up_id`);

--
-- Indexes for table `tb_product_type`
--
ALTER TABLE `tb_product_type`
  ADD PRIMARY KEY (`product_type_id`);

--
-- Indexes for table `tb_software`
--
ALTER TABLE `tb_software`
  ADD PRIMARY KEY (`software_id`);

--
-- Indexes for table `tb_software_type`
--
ALTER TABLE `tb_software_type`
  ADD PRIMARY KEY (`software_type_id`);

--
-- Indexes for table `tb_user`
--
ALTER TABLE `tb_user`
  ADD PRIMARY KEY (`user_id`);

--
-- AUTO_INCREMENT for dumped tables
--

--
-- AUTO_INCREMENT for table `tb_hero`
--
ALTER TABLE `tb_hero`
  MODIFY `hero_id` int(11) NOT NULL AUTO_INCREMENT, AUTO_INCREMENT=56;

--
-- AUTO_INCREMENT for table `tb_link`
--
ALTER TABLE `tb_link`
  MODIFY `link_id` int(11) NOT NULL AUTO_INCREMENT, AUTO_INCREMENT=21;

--
-- AUTO_INCREMENT for table `tb_news`
--
ALTER TABLE `tb_news`
  MODIFY `news_id` int(11) NOT NULL AUTO_INCREMENT, AUTO_INCREMENT=14;

--
-- AUTO_INCREMENT for table `tb_product`
--
ALTER TABLE `tb_product`
  MODIFY `product_id` int(11) NOT NULL AUTO_INCREMENT, AUTO_INCREMENT=29;

--
-- AUTO_INCREMENT for table `tb_product_line_up`
--
ALTER TABLE `tb_product_line_up`
  MODIFY `product_line_up_id` int(11) NOT NULL AUTO_INCREMENT, AUTO_INCREMENT=49;

--
-- AUTO_INCREMENT for table `tb_product_type`
--
ALTER TABLE `tb_product_type`
  MODIFY `product_type_id` int(11) NOT NULL AUTO_INCREMENT, AUTO_INCREMENT=17;

--
-- AUTO_INCREMENT for table `tb_software`
--
ALTER TABLE `tb_software`
  MODIFY `software_id` int(11) NOT NULL AUTO_INCREMENT, AUTO_INCREMENT=13;

--
-- AUTO_INCREMENT for table `tb_software_type`
--
ALTER TABLE `tb_software_type`
  MODIFY `software_type_id` int(11) NOT NULL AUTO_INCREMENT, AUTO_INCREMENT=3;

--
-- AUTO_INCREMENT for table `tb_user`
--
ALTER TABLE `tb_user`
  MODIFY `user_id` int(11) NOT NULL AUTO_INCREMENT, AUTO_INCREMENT=2;
COMMIT;

/*!40101 SET CHARACTER_SET_CLIENT=@OLD_CHARACTER_SET_CLIENT */;
/*!40101 SET CHARACTER_SET_RESULTS=@OLD_CHARACTER_SET_RESULTS */;
/*!40101 SET COLLATION_CONNECTION=@OLD_COLLATION_CONNECTION */;
